병원이름,,,주소,전화번호,좌표(X),좌표(Y)
365그린가족의원,경기,평택시,"경기도 평택시 지제동삭1로 41, 130동 2층 34, 35호, 1층 15호 (지제동, 지제역 더샵 센트럴시티)",031-654-7585,127.0755138,37.0229222
365소사벌종합의원,경기,평택시,"경기도 평택시 평남로 951, 디에이치빌딩 101호,201호 (비전동)",,127.1034104,37.0052676
365연합의원,경기,평택시,"경기도 평택시 송탄로40번길 79-16, (이충동)",031-611-2119,127.0573059,37.0520932
365일 열린의원,경기,평택시,"경기도 평택시 경기대로 1511, 1,2,3층 (지산동)",031-664-3651,127.0627106,37.0793397
365종합의원,경기,오산시,"경기도 오산시 경기대로 133, 오렌지팩토리아울렛 1층 (원동)",031-378-0365,127.0727361,37.1367571
LG전자(주)평택공장 부속의원,경기,평택시,"경기도 평택시 진위면 엘지로 222, (진위면)",031-610-5181,127.0916202,37.1290327
WIP성형외과의원,경기,평택시,"경기도 평택시 고덕로 247, 504로 601호~604호,701호~704호 (고덕동)",031-647-0455,127.0276759,37.0366002
강남뷰베스트의원,경기,평택시,"경기도 평택시 중앙2로 25, 5층 (평택동)",031-692-2789,127.0898733,36.9917536
강남성모안과의원,경기,안성시,"경기도 안성시 중앙로 370, 2층 (석정동, 하평플리스)",031-671-1505,127.2678542,37.0076411
강남성모이비인후과의원,경기,오산시,"경기도 오산시 수청로 193, P&P세교프라자 3층 303,302-1호 (금암동)",376-5005,127.0455185,37.1766517
강남성형외과의원,경기,오산시,"경기도 오산시 오산로 209, 6층 (오산동)",031-377-7575,127.0681826,37.1454049
강남셀럽의원,경기,평택시,"경기도 평택시 고덕갈평5길 32, 그랜드메디컬타워 7층 705,706호 (고덕동)",031-611-3677,127.0474102,37.0565574
강남소아청소년과의원,경기,평택시,"경기도 평택시 안중읍 안현로서6길 68, 3층",031-681-6555,126.9216156,36.9847915
강남재준성형외과의원,경기,평택시,"경기도 평택시 평택5로20번길 38, (합정동)",031-647-3119,127.1138885,36.9899572
강내과의원,경기,안성시,"경기도 안성시 금산길 8, 2층 (연지동)",675-2255,127.2708462,37.0113005
강정협내과의원,경기,오산시,"경기도 오산시 성호대로 89, 204호 (오산동, 세명프라자)",031-377-8081,127.0713995,37.1491526
건강드림내과의원,경기,평택시,"경기도 평택시 지산로 64, 1,2,3,4,5층 (지산동)",031-666-8275,127.0620647,37.0797134
건강한가족의원,경기,오산시,"경기도 오산시 성호대로 121, 월드타워 3층 302,304호 (오산동)",031-377-5355,127.0748375,37.1490571
건강한내과의원,경기,평택시,"경기도 평택시 서동대로 3879, 5층 (용이동, 제이플러스)",031-658-2335,127.1378517,36.9942774
경기도립 안성휴게소의원,경기,안성시,"경기도 안성시 원곡면 경부고속도로 372, (원곡면)",031-662-2402,127.1324553,37.0767838
경기성모안과의원,경기,평택시,"경기도 평택시 탄현로 58, 강희프라자 2,6층 (서정동)",031-8054-0996,127.0539603,37.0576314
경희마취통증 의학과 의원,경기,안성시,"경기도 안성시 중앙로 359, (석정동)",031-675-7319,127.2668926,37.0082719
계현정형외과의원,경기,평택시,"경기도 평택시 중앙로 296, (합정동)",031-618-6600,127.1155381,36.9904766
고대닥터정의원,경기,평택시,"경기도 평택시 탄현1로 160, 2층,3층 (신장동)",031-666-3516,127.0538997,37.0741818
고덕더맑은의원,경기,평택시,"경기도 평택시 함박산9길 3, 3,4층 (고덕동)",,127.0314485,37.0392485
고덕바른소아청소년과의원,경기,평택시,"경기도 평택시 함박산8길 31, 201호,202호 (고덕동)",031-8054-8875,127.0315337,37.0385834
고덕서울숲정신건강의학과의원,경기,평택시,"경기도 평택시 고덕중앙로 200-4, 우성고덕타워 5층 513,514호 (고덕동)",031-662-7000,127.0442098,37.0477733
고덕센트럴이비인후과의원,경기,평택시,"경기도 평택시 고덕중앙로 200-4, 우성고덕타워 407,408,409,410,411호 (고덕동)",031-8029-7500,127.0442098,37.0477733
고덕숲가정의학과의원,경기,평택시,"경기도 평택시 고덕갈평6길 29, 2층 207호~209호 (고덕동)",031-647-3984,127.0474399,37.0573027
고덕스카이정형외과의원,경기,평택시,"경기도 평택시 고덕중앙2로 39, 고은메디타워 6,7층 (고덕동)",031-8054-7507,127.0402869,37.0451903
고덕에듀이비인후과의원,경기,평택시,"경기도 평택시 고덕로 250, 304,305,306,307호 (고덕동)",031-647-6357,127.0282882,37.0362879
고덕연세내과의원,경기,평택시,"경기도 평택시 고덕중앙로 200-4, 우성고덕타워 801,803-807호 (고덕동)",031-647-4100,127.0442098,37.0477733
고덕연세탑재활의학과의원,경기,평택시,"경기도 평택시 고덕국제대로 94, 우성고덕타워 705~708호 (고덕동)",031-647-3601,127.0442027,37.045272
고덕으뜸이비인후과의원,경기,평택시,"경기도 평택시 고덕로3길 27, 305호~308호 (고덕동)",031-647-4278,127.0263345,37.0381535
고덕재활의학과의원,경기,평택시,"경기도 평택시 고덕국제7로 117, 304호,305호 (고덕동)",031-618-6800,127.0297614,37.0351969
고덕타임내과의원,경기,평택시,"경기도 평택시 고덕로 250, 301,302,303호 (고덕동)",031-668-7582,127.0282882,37.0362879
고려웰니스의원,경기,평택시,"경기도 평택시 안중읍 안현로서8길 23, 동흥빌딩 3,5층",031-684-1800,126.9227679,36.9790704
고려재활의학과의원,경기,안성시,"경기도 안성시 중앙로 370, 2층 (석정동, 하평플리스)",031-676-9152,127.2678542,37.0076411
고비뇨기과의원,경기,안성시,"경기도 안성시 중앙로 397-1, (대천동)",031-675-7195,127.2710043,37.0074384
고윤희산부인과외과의원,경기,평택시,"경기도 평택시 용죽2로 32-44, 리더스타워 3층 303~306호호 (용이동)",031-692-8005,127.1255199,36.9924366
고은미래의원,경기,평택시,"경기도 평택시 비전5로 11, 301호 (비전동)",031-654-5100,127.1126122,37.0001234
공도탁마취통증의학과의원,경기,안성시,"경기도 안성시 공도읍 공도로 83, 3층 303호",031-651-8575,127.170316,36.9998013
구광림안과의원,경기,평택시,"경기도 평택시 경기대로 1365, (서정동)",031-664-2727,127.0636646,37.0670039
군문메디컬의원,경기,평택시,"경기도 평택시 원평로25번길 61-1, 3층 (군문동, 주공플라자)",691-2119,127.0830081,36.9861893
굿라인의원,경기,평택시,"경기도 평택시 평택로32번길 34, 라이트짐 5층 (평택동)",031-647-0170,127.0896189,36.991301
굿맨의원,경기,평택시,"경기도 평택시 안중읍 안중로 137, (안중읍)",031-681-3727,126.9317364,36.9890273
굿모닝내과의원,경기,평택시,"경기도 평택시 중앙로 2, 2층 (통복동)",031-654-9990,127.0835289,36.9954122
굿모닝재활의학과의원,경기,평택시,"경기도 평택시 서정역로26번길 7-10, 1층 (이충동)",031-665-8575,127.0563534,37.0567321
권소아청소년과의원,경기,안성시,"경기도 안성시 중앙로 368, 모아빌딩 1층 103호 (석정동)",677-0134,127.2676156,37.0077318
권우석흉부외과의원,경기,평택시,"경기도 평택시 평택5로20번길 39, 4층 401호 (합정동, 합정동타임스퀘어)",031-652-2172,127.1131898,36.9899939
그레이시 여성의원,경기,평택시,"경기도 평택시 세교8길 30, 세교디오네프라자 2층 204-205호 (세교동)",031-647-0963,127.0907222,37.0090505
그린힐의원,경기,오산시,"경기도 오산시 발안로 1367, 202호 (누읍동)",031-376-6075,127.0478531,37.1422755
기댐마취통증의학과의원,경기,평택시,"경기도 평택시 관광특구로 38, 하정빌딩 2층 (서정동)",031-664-8880,127.0629415,37.0664367
기독내과의원,경기,평택시,"경기도 평택시 탄현로 331-1, (신장동)",031-664-0380,127.0560532,37.0818535
기운찬마취통증의학과의원,경기,오산시,"경기도 오산시 성호대로 79, 2층 (오산동)",031-372-7530,127.069994,37.1491038
길내과의원,경기,평택시,"경기도 평택시 관광특구로 19, 3층 (서정동)",031-666-6902,127.0609138,37.0672656
김군홍의원,경기,평택시,"경기도 평택시 안중읍 안중로 141, 엘에이치알 1동 3층 301호",031-683-0080,126.9320453,36.9891289
김내과의원,경기,안성시,"경기도 안성시 공도읍 공도로 91, (공도읍)",031-691-7975,127.1710985,37.0001022
김두희가정의학과의원,경기,평택시,"경기도 평택시 송탄로 220, BK프라자 2층 (서정동)",031-665-6765,127.058525,37.0634015
김상현소아청소년과의원,경기,오산시,"경기도 오산시 운암로 113, 203호 (오산동, 중앙프라자)",031-372-1760,127.0779655,37.1563753
김성우의원,경기,오산시,"경기도 오산시 오산로 68, (갈곶동)",031-374-2509,127.0693453,37.1327821
김안과의원,경기,평택시,"경기도 평택시 중앙로 270, 2,3,4,5층 (합정동)",031-652-5161,127.1128692,36.9899437
김이비인후과의원,경기,평택시,"경기도 평택시 관광특구로 19, 3층 (서정동)",031-668-6882,127.0609138,37.0672656
김정배이비인후과의원,경기,평택시,"경기도 평택시 중앙2로 37, 2,3층 (합정동)",031-652-5225,127.0911797,36.9915752
김정형외과의원,경기,평택시,"경기도 평택시 청북읍 안청로 332, 3층 (한남프라자)",031-683-2550,126.9159078,37.0175045
김주호내과의원,경기,평택시,"경기도 평택시 평택로 78, 3층 (평택동)",031-618-7900,127.0850712,36.9939845
김피부과의원,경기,오산시,"경기도 오산시 대원로 6, 2층 (원동)",031-372-1615,127.0689925,37.1461121
꿈사랑의료복지사회적협동조합 꿈사랑의원,경기,안성시,"경기도 안성시 삼죽면 서동대로 5980, 2,3,4층 402호",031-8057-0040,127.3492149,37.0308237
나정일내과의원,경기,평택시,"경기도 평택시 서정역로26번길 3, 2층 (서정동)",031-667-0377,127.0559312,37.056473
남해의원,경기,오산시,"경기도 오산시 역광장로 54, (오산동)",031-373-9100,127.0677729,37.1451963
내몸애항외과의원,경기,평택시,"경기도 평택시 중앙2로 13, 5층 (평택동, 센텀스카이)",031-658-8080,127.0886955,36.9919135
누리소아청소년과의원,경기,오산시,"경기도 오산시 원당로 22, 2층 221~223호 (원동)",031-684-8131,127.0925856,37.1410596
눈사랑안과의원,경기,안성시,"경기도 안성시 공도읍 공도4로 3, 306호",031-618-6477,127.1720768,37.0004876
늘푸른가정의학과의원,경기,평택시,"경기도 평택시 세교6로 45, 220동 2층 202,203호 (세교동, 힐스테이트 평택2차)",031-655-0977,127.0866453,37.0102104
다시봄날의원,경기,오산시,"경기도 오산시 수목원로 466, 성민리치 3층 303,304,305호 및 6층 603,604,605호 (금암동)",031-8078-7777,127.0499884,37.1752733
다시봄날의원,경기,평택시,"경기도 평택시 중앙2로 13, 11층 1101,1102호 (평택동)",031-8088-7575,127.0886955,36.9919135
다온튼튼정형외과의원,경기,평택시,"경기도 평택시 용죽3로 18, 2,3층 (용이동)",031-652-3399,127.1256329,36.9935529
다은의원,경기,평택시,"경기도 평택시 중앙2로 121, 3층일부, 2층 (합정동)",031-8094-0320,127.1003291,36.9899841
다편안신경외과의원,경기,평택시,"경기도 평택시 비전5로 11, 302,303,304,305호 (비전동)",031-8054-8288,127.1126122,37.0001234
닥터박의원,경기,평택시,"경기도 평택시 중앙2로 25, (평택동)",031-655-8272,127.0898733,36.9917536
닥터한코스메딕의원(Dr.Hans CosMedic Clinic),경기,평택시,"경기도 평택시 팽성읍 신흥북로29번길 40-22, 5층",031-647-3279,127.0467426,36.9636383
더365의원,경기,평택시,"경기도 평택시 고덕로3길 22, 2~5층 (고덕동)",031-665-9011,127.0265678,37.0371155
더네이처산부인과의원,경기,평택시,"경기도 평택시 송탄로 260, 4,5,6,7,11층 (서정동)",031-668-3579,127.0589169,37.0667897
더네이처소아청소년과의원,경기,평택시,"경기도 평택시 송탄로 260, 3층 (서정동)",031-665-9735,127.0589169,37.0667897
더라움의원,경기,안성시,"경기도 안성시 중앙로 374, 메디스퀘어 1동 5층 501~503호 (서인동)",031-675-0201,127.2683648,37.0075246
더라인의원,경기,평택시,"경기도 평택시 소사5길 24, 303호일부,302호 (소사동)",031-654-5675,127.1269742,36.9905311
더청담마취통증의학과의원,경기,평택시,"경기도 평택시 통복시장2로39번길 17, 1층 (통복동)",031-656-1470,127.0872505,36.9967321
더편한장내과의원,경기,안성시,"경기도 안성시 아양1로 61, 폴리프라자1 303~310호 (옥산동)",031-671-7575,127.259358,37.0076238
도담소아청소년과의원,경기,안성시,"경기도 안성시 공도읍 공도로 132, 3층 304호",031-655-0852,127.1748973,37.0014237
도원의원,경기,오산시,"경기도 오산시 오산로 287-1, 2층 (오산동)",031-377-1887,127.0682955,37.1526321
동산의원,경기,평택시,"경기도 평택시 탄현로 300, (지산동)",031-662-5551,127.0549571,37.0793878
두리이비인후과의원,경기,오산시,"경기도 오산시 경기대로 155, 신한프라자A 201,202호 (원동)",031-378-2204,127.0731132,37.1386476
드림아이소아청소년과의원,경기,평택시,"경기도 평택시 동삭1로22번길 19-15, 3층 301호 (동삭동)",031-656-5575,127.0932929,37.020374
드림한마음재활의학과의원,경기,평택시,"경기도 평택시 고덕중앙로 200-18, 307호~312호 (고덕동)",031-668-9953,127.0449309,37.0468079
디에따의원,경기,평택시,"경기도 평택시 고덕중앙2로 47, 지오프라자 4층 401호~406호 (고덕동)",031-8029-7707,127.0413043,37.0451843
똑소리이비인후과의원,경기,오산시,"경기도 오산시 고을1길 36, 302, 303호 (누읍동)",031-831-5666,127.0545831,37.1443523
라움산부인과의원,경기,평택시,"경기도 평택시 평택5로34번길 6-1, 104호, 2~4층 (합정동)",1670-9792,127.1117581,36.9890624
로뎀나무내과의원,경기,평택시,"경기도 평택시 중앙로 82-1, (합정동)",031-654-1905,127.0922577,36.9937129
룩스미의원,경기,평택시,"경기도 평택시 비전5로 16, 프라우빌딩 4층 404-나,405,406-가호 (비전동)",031-616-1211,127.1132563,36.999843
리드엠의원,경기,평택시,"경기도 평택시 평택로32번길 2, 2층 (평택동)",031-652-2902,127.0883499,36.990608
리멤버피부과의원 평택고덕점,경기,평택시,"경기도 평택시 고덕중앙로 200-4, 416,417,418,419,420호 (고덕동)",031-611-1070,127.0442098,37.0477733
리앤샤인의원,경기,평택시,"경기도 평택시 용죽3로 18, 2층 (용이동)",031-655-2275,127.1256329,36.9935529
마디의원,경기,평택시,"경기도 평택시 안중읍 안현로서8길 17, 5층",031-681-6675,126.923344,36.9787443
마디콕신경외과의원,경기,안성시,"경기도 안성시 장기로 35, 5, 6층 전호 (인지동)",031-676-8257,127.2676736,37.0061052
마트의원,경기,안성시,"경기도 안성시 공도읍 서동대로 4478, 2층 (롯데마트)",031-657-8279,127.1994978,37.0078386
맑은숨이비인후과의원,경기,오산시,"경기도 오산시 수청로 201, 302호 (금암동, 센타프라자 )",031-374-7075,127.0445545,37.1763951
맘시티소아청소년과의원,경기,평택시,"경기도 평택시 신촌2로 22, 맘스스퀘어B동 3층 310,311호 (칠원동)",031-663-1275,127.1040567,37.0260471
메가비뇨의학과의원,경기,평택시,"경기도 평택시 평택로32번길 25, 3층 (평택동)",,127.0890047,36.9914273
메디케어의원,경기,평택시,"경기도 평택시 안중읍 안현로서8길 57, 붐붐프라자 209,301,302호",031-681-8000,126.919408,36.97907
명내과의원,경기,평택시,"경기도 평택시 이충로35번길 22, 303호 (이충동, 뜨란프라자)",031-663-1441,127.0667461,37.0598138
모산이비인후과의원,경기,평택시,"경기도 평택시 지제동삭1로 208, 3층 (동삭동)",031-616-0123,127.0889023,37.0171554
모산이음산부인과의원,경기,평택시,"경기도 평택시 지제동삭1로 208, 3층 (동삭동)",031-616-0100,127.0889023,37.0171554
모아산부인과의원,경기,안성시,"경기도 안성시 중앙로 368, (석정동)",031-674-7744,127.2676156,37.0077318
몸튼튼의원,경기,평택시,"경기도 평택시 고덕국제대로 7, 창신베스트 204-1호,205-208호 (고덕동)",031-616-7717,127.0482179,37.0388846
무지개연합의원,경기,오산시,"경기도 오산시 경기대로 271, 3층 (오산동, 롯데마트)",031-373-6727,127.0730466,37.1494459
문소아청소년과의원,경기,오산시,"경기도 오산시 경기대로 153, B동 402호 (원동, 신한프라자)",031-376-4168,127.0731103,37.1383191
문이비인후과의원,경기,평택시,"경기도 평택시 이충로35번길 22, 304호 (이충동, 뜨란프라자)",031-662-0098,127.0667461,37.0598138
미드림의원,경기,안성시,"경기도 안성시 공도읍 공도4로 3, 3층 (우성메디컬프라자)",031-655-7958,127.1720768,37.0004876
미래이비인후과소아청소년과의원,경기,평택시,"경기도 평택시 비전5로 20-24, 312,313호 (비전동)",031-647-3500,127.1141665,36.9988747
미리내의원,경기,평택시,"경기도 평택시 송탄로 71, 가온프라자 2층 (이충동)",031-611-1218,127.0557258,37.0516742
미성형외과의원,경기,평택시,"경기도 평택시 평택로32번길 10, (평택동)",031-651-4632,127.0886806,36.9907668
미소드림의원,경기,평택시,"경기도 평택시 세교공원로 66, 상가1동 201호 (세교동, 부영아파트)",031-618-7579,127.0852822,37.0035948
미소아과의원,경기,평택시,"경기도 평택시 이충로35번길 20-9, 302,303호 (이충동, 센타프라자)",031-666-8022,127.0664844,37.0603587
미소연의원,경기,안성시,"경기도 안성시 공도읍 서동대로 4061, 2층",031-654-7577,127.1573359,36.9982199
미앤미의원,경기,평택시,"경기도 평택시 중앙2로 13, 204호 (평택동)",031-656-8875,127.0885625,36.9919579
미앤클린의원,경기,평택시,"경기도 평택시 비전5로 20-30, 205,206호 (비전동)",031-651-7288,127.1151272,36.9989205
미올린의원,경기,오산시,"경기도 오산시 내삼미로 83, 5층 502,503,504호 (수청동)",031-377-7975,127.0660073,37.1696464
바로그의원,경기,평택시,"경기도 평택시 평택로32번길 25, 1층 (평택동)",031-652-5670,127.0890047,36.9914273
바른소리이비인후과의원,경기,평택시,"경기도 평택시 서정역로26번길 7-10, 3층 (이충동)",031-8054-8277,127.0563534,37.0567321
바른수내과의원,경기,오산시,"경기도 오산시 초평중앙로 127-4, 4,5층 (가수동)",031-894-5572,127.0476779,37.1437971
박내과의원,경기,안성시,"경기도 안성시 중앙로 368, 3층 (석정동)",031-676-1669,127.2676156,37.0077318
박샘소아청소년과의원,경기,평택시,"경기도 평택시 중앙로 176, 222호 (합정동, SK뷰주상복합2)",031-691-8275,127.102363,36.9915502
박이비인후과의원,경기,평택시,"경기도 평택시 중앙2로 19, (평택동)",031-651-4429,127.0892466,36.9918474
박인호피부과의원,경기,평택시,"경기도 평택시 안중읍 안현로서8길 17, 8층",031-683-8626,126.923344,36.9787443
밝은성모안과의원,경기,평택시,"경기도 평택시 중앙2로 25, (평택동)",031-655-4628,127.0898733,36.9917536
밝은안과의원,경기,오산시,"경기도 오산시 대원로 8, 2,3층 (원동)",378-4100,127.0691658,37.1462949
밝은연세정신건강의학과의원,경기,평택시,"경기도 평택시 평택2로20번길 11, 2층 (평택동)",031-651-3975,127.0892373,36.9927707
밝은정안과의원,경기,평택시,"경기도 평택시 평남로 941, 우성메디피아 2층 (비전동)",031-692-1477,127.1041729,37.0046213
베스트의원,경기,안성시,"경기도 안성시 남파로 73-3, 3층 (신소현동, 코아루(아)상가)",031-673-5009,127.2579454,37.0163788
별소아청소년과의원,경기,안성시,"경기도 안성시 중앙로 252, 2층 (석정동)",031-672-9607,127.2567952,37.0129952
보람외과의원,경기,평택시,"경기도 평택시 평택로 102, (통복동)",031-652-1024,127.0834957,36.995878
복음내과의원,경기,평택시,"경기도 평택시 중앙로 268, (합정동)",031-656-1254,127.1125533,36.9898767
본비뇨기과의원,경기,평택시,"경기도 평택시 관광특구로 31, 3층 (서정동)",031-662-1844,127.0625582,37.0671053
본정형외과의원,경기,평택시,"경기도 평택시 탄현로 337, (신장동)",031-666-8267,127.0563536,37.0823596
본튼튼성모정형외과의원,경기,평택시,"경기도 평택시 고덕로 250, 501호~508호 (고덕동)",031-666-5888,127.0282882,37.0362879
봄피부과의원,경기,평택시,"경기도 평택시 경기대로 1365, 5층 (서정동)",031-647-0468,127.0636646,37.0670039
봉봉소아청소년과의원,경기,평택시,"경기도 평택시 청북읍 안청로 332, (청북읍)",031-683-0325,126.9159078,37.0175045
뷰티라운지의원,경기,평택시,"경기도 평택시 고덕중앙로 200-4, 우성고덕타워 1101호~1108호,1118호 (고덕동)",031-662-0801,127.0442098,37.0477733
뷰티온의원,경기,안성시,"경기도 안성시 아양1로 77-25, 4층 7-15호 (옥산동)",031-8057-0875,127.2584884,37.0070874
뷰티온의원평택고덕점,경기,평택시,"경기도 평택시 고덕중앙로 218, 507호~512호 (고덕동)",031-647-0862,127.0449637,37.0478984
블리비의원,경기,평택시,"경기도 평택시 중앙2로 13, 3층 303,304,304-1호 (평택동)",1833-9578,127.0886955,36.9919135
비전의원,경기,평택시,"경기도 평택시 경기대로 267, (비전동)",031-651-2121,127.1130585,36.994524
비전조은내과의원,경기,평택시,"경기도 평택시 평남로 941, 우성메디피아 5층 (비전동)",031-653-7975,127.1041729,37.0046213
비전튼튼연합의원,경기,평택시,"경기도 평택시 중앙로 96, 201호 (합정동)",031-618-6620,127.0937097,36.9934259
사랑의의원,경기,평택시,"경기도 평택시 세교공원로 66, 상가2동 2층 201, 205호 (세교동, 부영아파트)",031-654-0654,127.0852822,37.0035948
삼성드림소아청소년과의원,경기,오산시,"경기도 오산시 수목원로 458, 3층 302호 (금암동)",031-373-3988,127.0505166,37.1747417
삼성드림소아청소년과의원,경기,평택시,"경기도 평택시 용죽3로 24, 2층 201호 (용이동)",031-647-0755,127.1254147,36.9941062
삼성드림정형외과의원,경기,평택시,"경기도 평택시 동삭로 370-4, 모아빌딩 2층 (동삭동)",031-616-7004,127.0958836,37.0183203
삼성바로튼튼의원,경기,평택시,"경기도 평택시 고덕갈평6길 29, 405-408호 (고덕동)",031-682-7582,127.0474399,37.0573027
삼성서울내과의원,경기,평택시,"경기도 평택시 송탄로 274, (서정동)",031-666-7514,127.0592191,37.0680968
삼성서울안과의원,경기,안성시,"경기도 안성시 중앙로 374, 메디스퀘어 1동 2층 201호 (서인동)",677-1119,127.2683648,37.0075246
삼성성모연합의원,경기,평택시,"경기도 평택시 비전4로 142, 3층 301, 302호 (비전동)",031-652-6114,127.107209,37.008783
삼성연합의원,경기,오산시,"경기도 오산시 오산대역로 214, G플레이스 오산 404,405호 (수청동)",031-376-5475,127.0655846,37.1708567
삼성원스정형외과의원,경기,오산시,"경기도 오산시 죽담안로 38-15, 4,3층 401~405호,305호 (궐동)",031-000-0000,127.0521088,37.1636716
삼성이비인후과의원,경기,평택시,"경기도 평택시 고덕중앙로 200-4, 우성고덕타워 315~317호 (고덕동)",031-616-7575,127.0442098,37.0477733
삼성전자(주) 평택부속의원,경기,평택시,"경기도 평택시 삼성로 144, 삼성전자(주) 평택캠퍼스 복지동 2층 (고덕동)",031-6191-1004,127.0516948,37.0377526
삼성조은내과의원,경기,평택시,"경기도 평택시 안중읍 안현로 429, 3층 (서경타워)",031-683-7000,126.9316706,36.9881472
삼성키즈소아청소년과의원,경기,안성시,"경기도 안성시 공도읍 진사길 11, 2층 (광동아이비)",031-692-7500,127.1384715,36.9929072
삼성킴스비뇨기과의원,경기,오산시,"경기도 오산시 성호대로 121, 5층 503호 (오산동, 월드타워 )",031-372-3651,127.0748375,37.1490571
새롬안과의원,경기,오산시,"경기도 오산시 수청로 199, 302호 (금암동, 정원프라자)",031-373-6646,127.0448233,37.1764456
새봄연합의원,경기,오산시,"경기도 오산시 오산로 79, 301호 (갈곶동, 리치타워)",031-375-5321,127.0688353,37.133978
새서울의원,경기,평택시,"경기도 평택시 팽성읍 안정쇼핑로 36, (팽성읍)",031-691-3537,127.0462571,36.9608523
새우리의원,경기,평택시,"경기도 평택시 팽성읍 동서촌로 74, (팽성읍)",031-691-5304,127.0603905,36.9644397
샤렌의원,경기,평택시,"경기도 평택시 관광특구로 36, 301호 (서정동, 송탄빌딩)",031-662-1881,127.0627107,37.06652
서울강남내과의원,경기,평택시,"경기도 평택시 비전5로 11, (비전동)",031-647-6771,127.1126122,37.0001234
서울내과의원,경기,평택시,"경기도 평택시 평택4로 46, (합정동)",031-618-7582,127.1009503,36.9918232
서울내과의원,경기,오산시,"경기도 오산시 대원로 10, 2층 (원동)",031-372-8275,127.0694857,37.1462665
서울더블유내과평택고덕점의원,경기,평택시,"경기도 평택시 고덕갈평6길 29, 삼성메디컬타워 503,504,505,506,507,508호 (고덕동)",031-647-4030,127.0474399,37.0573027
서울메디의원,경기,오산시,"경기도 오산시 남부대로 411-12, 2층 201호 (고현동)",031-611-8811,127.0820146,37.1358417
서울본의원,경기,안성시,"경기도 안성시 아양로 71, 안성서희스타힐스아파트상가 (아양동)",031-671-1121,127.2585588,37.0047417
서울봄연합의원,경기,오산시,"경기도 오산시 궐리사로 41, 2,4층 (궐동)",031-374-3397,127.0572393,37.1602511
서울뷰의원,경기,평택시,"경기도 평택시 고덕로 250, 405~410호 (고덕동)",031-664-0277,127.0282882,37.0362879
서울비뇨기과의원,경기,평택시,"경기도 평택시 평택2로20번길 15, (평택동)",,127.0894196,36.9926299
서울삼성정형외과의원,경기,평택시,"경기도 평택시 관광특구로 31, (서정동)",031-664-7582,127.0625582,37.0671053
서울소아청소년과의원,경기,안성시,"경기도 안성시 공도읍 공도로 91, 2층 (성지프라자)",031-654-7600,127.1710985,37.0001022
서울수의원,경기,평택시,"경기도 평택시 팽성읍 부용로 27, (팽성읍)",031-651-0177,127.058745,36.9632327
서울스타비뇨기과의원,경기,안성시,"경기도 안성시 공도읍 공도로 83, 3층",031-651-0889,127.170316,36.9998013
서울신경외과의원,경기,안성시,"경기도 안성시 장기로 24, (석정동)",031-672-7497,127.2667575,37.0065284
서울아산내과의원,경기,평택시,"경기도 평택시 탄현로 58, 강희프라자  4층 402,403호 (서정동)",031-662-9616,127.0539603,37.0576314
서울아산연합의원,경기,평택시,"경기도 평택시 이충로35번길 24, 보람플러스2 4층 403호 (이충동)",070-4647-2782,127.0665046,37.0596424
서울안과의원,경기,평택시,"경기도 평택시 평택2로20번길 14, 2층 (평택동)",031-654-1171,127.0890029,36.9924728
서울연합의원,경기,오산시,"경기도 오산시 궐리사로 37, 2층 (궐동)",031-373-6558,127.0566888,37.1603723
서울유산부인과의원,경기,평택시,"경기도 평택시 지제동삭2로 181-26, Adriamedi Tower 4층 (동삭동)",031-647-6439,127.09411,37.017183
서울으뜸소아청소년과의원,경기,평택시,"경기도 평택시 비전3로 25, 301호 (비전동, 골든프라자)",031-657-6296,127.1047915,37.0024282
서울의원,경기,평택시,"경기도 평택시 안중읍 안현로서2길 20, (안중읍)",031-682-5127,126.92971,36.9882624
서울이비인후과의원,경기,평택시,"경기도 평택시 중앙2로 13, (평택동,외 2필지 센텀스카이빌딩 405호)",031-652-0023,127.0886955,36.9919135
서울이비인후과의원,경기,안성시,"경기도 안성시 안성맞춤대로 1052, (서인동)",031-676-9975,127.2696818,37.007294
서울이음정형외과의원,경기,안성시,"경기도 안성시 장기로 8, 삼원빌딩 2,3층 (석정동)",031-8057-8875,127.2651805,37.0075572
서울재활의학과의원,경기,안성시,"경기도 안성시 원곡면 만세로 1446-3, (원곡면)",657-2271,127.1271606,37.0343024
서울탄탄마취통증의학과의원,경기,평택시,"경기도 평택시 탄현로 58, 강희프라자 5층 501,502,503호 (서정동)",031-8054-8275,127.0539603,37.0576314
서울탑내과의원,경기,평택시,"경기도 평택시 용죽2로 32-44, 5층 502,503,504,505호 (용이동)",031-657-7582,127.1255199,36.9924366
서울튼튼정형외과의원,경기,평택시,"경기도 평택시 안중읍 안중로 143, 1(102호)~3층",031-681-7585,126.9321837,36.9892517
서울푸른봄의원,경기,평택시,"경기도 평택시 지제동삭2로 181-26, Adriamedi Tower 동삭동 5층 501호 (동삭동)",031-647-3875,127.09411,37.017183
서울푸른의원,경기,평택시,"경기도 평택시 청북읍 신포길 47, (청북읍)",031-683-1570,126.9332395,37.0401936
서울하나정형외과의원,경기,평택시,"경기도 평택시 지제동삭2로 181-26, Adriamedi Tower 3층 301-302호 (동삭동)",031-654-7175,127.0941633,37.0172424
서재연합의원,경기,평택시,"경기도 평택시 서재로 2, 한주빌딩 3층 (동삭동)",031-691-5213,127.0988015,37.0098798
서정성세의원,경기,평택시,"경기도 평택시 서정북로 75, (서정동)",031-663-0010,127.0577249,37.070941
서정튼튼정형외과의원,경기,평택시,"경기도 평택시 서정역로26번길 3, 4층 (서정동)",031-8054-7585,127.0559312,37.056473
서정하이비인후과의원,경기,오산시,"경기도 오산시 오산로 224, (오산동)",031-372-1664,127.0686645,37.1468555
서현석정형외과의원,경기,오산시,"경기도 오산시 오산로 209, 4,9층 (오산동)",304-1119,127.0681826,37.1454049
성가의원,경기,안성시,"경기도 안성시 장기로 39, (인지동)",031-676-4057,127.2680406,37.0056702
성모가정의원,경기,안성시,"경기도 안성시 공도읍 진사길 23, 2층 (광동아이비타운)",031-654-7511,127.1390034,36.9922747
성모사랑내과의원,경기,평택시,"경기도 평택시 지제동삭2로 181-26, Adriamedi Tower 3층 303,304호 (동삭동)",031-8054-7579,127.0941633,37.0172424
성모유외과의원,경기,평택시,"경기도 평택시 비전2로 194, 소사벌 어반테라스 2층 (비전동)",031-8054-7511,127.1121155,37.0007641
성모의원,경기,안성시,"경기도 안성시 죽산면 죽주로 256, (죽산면)",031-675-0644,127.4237146,37.0750166
성모자혜의원,경기,평택시,"경기도 평택시 서정역로36번길 11-3, (서정동)",031-611-2432,127.0564983,37.0576289
성모힐소아청소년과의원,경기,평택시,"경기도 평택시 세교8길 30, 세교디오네프라자 407호 (세교동)",031-652-5900,127.0907222,37.0090505
성심가정의원,경기,안성시,"경기도 안성시 금광면 종합운동장로 132, 2층 (홍익(아)상가)",031-671-3775,127.330016,37.0110738
세교본정형외과의원,경기,오산시,"경기도 오산시 초평중앙로 127-4, 2,3층 (가수동)",031-376-7582,127.0476779,37.1437971
세교삼성내과의원,경기,오산시,"경기도 오산시 수목원로 458, 5층 (금암동)",031-377-1919,127.0505166,37.1747417
세교서울이비인후과의원,경기,오산시,"경기도 오산시 내삼미로79번길 11, 2층 207,208호 (수청동, 선우중앙타워)",031-373-3993,127.065276,37.1690388
세교센트럴이비인후과의원,경기,오산시,"경기도 오산시 죽담안로 38-15, 2층 201~204호 (궐동)",031-377-7836,127.0521088,37.1636716
세교아주소아청소년과의원,경기,오산시,"경기도 오산시 수청로 189, 402,403호 (금암동, 웅신아트프라자)",374-7540,127.0459084,37.1768205
세교정형외과의원,경기,오산시,"경기도 오산시 수청로 189, 5층 (금암동, 웅신아트프라자)",377-7680,127.0459084,37.1768205
세교중앙내과의원,경기,오산시,"경기도 오산시 수청로 189, 601,602호 (금암동, 웅신아트프라자)",031-378-6543,127.0459084,37.1768205
세민신경과의원,경기,평택시,"경기도 평택시 평택2로 12-1, (평택동)",031-656-0525,127.0881393,36.9926581
센트럴이비인후과의원,경기,평택시,"경기도 평택시 용죽3로 24, 202호일부, 301호 (용이동)",031-653-7417,127.1254147,36.9941062
소망의원,경기,평택시,"경기도 평택시 팽성읍 안정쇼핑로 37-1, 4층일부,5층",031-691-7588,127.0462214,36.9612273
소망의원,경기,안성시,"경기도 안성시 양성면 만세로 608, (양성면)",031-674-9977,127.1961617,37.0582875
소사벌다시봄날의원,경기,평택시,"경기도 평택시 평남로 941, 우성메디피아 6층 601호,602호 (비전동)",031-653-6111,127.1041729,37.0046213
소사벌휴먼피부과의원,경기,평택시,"경기도 평택시 비전5로 20-24, 더테라스 1동 3층 303~308호, 311호호 (비전동)",031-653-0046,127.1141665,36.9988747
속편한내과의원,경기,평택시,"경기도 평택시 평택로32번길 21, 2층 (평택동)",031-656-1088,127.0887825,36.9912767
속편한내과의원,경기,오산시,"경기도 오산시 경기대로 189, 메딕프라자 1동 3층 301,302,303,304호 (원동)",377-3330,127.0730417,37.1417861
속편한주내과의원,경기,평택시,"경기도 평택시 고덕로 246, 6층 (고덕동)",031-615-4455,127.0278885,37.0359967
송승호내과의원,경기,평택시,"경기도 평택시 서정역로 28, 2층 (서정동)",031-611-2536,127.0559957,37.0566621
송이비인후과의원,경기,오산시,"경기도 오산시 운암로 91, 지하층 (오산동, 주공2단지상가)",031-377-7785,127.0772713,37.1544824
송정길내과의원,경기,평택시,"경기도 평택시 중앙로 8, (통복동)",031-652-7114,127.0840157,36.9952215
송철용의원,경기,오산시,"경기도 오산시 발안로 1355, (누읍동, 이림아파트상가)",031-374-9450,127.0472814,37.1415854
송탄바른마취통증의학과의원,경기,평택시,"경기도 평택시 탄현로 334, 1,2층 (지산동)",031-665-7588,127.0565304,37.0818636
송탄베스트의원,경기,평택시,"경기도 평택시 탄현로 322, (지산동)",031-663-7582,127.0560556,37.0809773
송탄성모안과의원,경기,평택시,"경기도 평택시 탄현로327번길 8, 2층3층 (신장동)",031-666-0996,127.0555174,37.0815581
송탄성모정신건강의학과의원,경기,평택시,"경기도 평택시 관광특구로 41, 용현빌딩 201호 (서정동)",031-662-7577,127.0634225,37.0670089
송탄안과의원,경기,평택시,"경기도 평택시 탄현로 321-1, (신장동)",031-664-6100,127.055607,37.0811708
송탄오케이의원,경기,평택시,"경기도 평택시 탄현로 341, 2층 (신장동)",031-615-4655,127.0565695,37.0826992
송탄정신건강의학과의원,경기,평택시,"경기도 평택시 송탄공원로 72-1, 2층 (지산동)",031-666-9620,127.0575001,37.0746961
송탄정형외과의원,경기,평택시,"경기도 평택시 탄현로 281, (신장동)",031-666-4801,127.0551652,37.0776542
송탄하나안과의원,경기,평택시,"경기도 평택시 관광특구로 19, 207호 (서정동)",031-665-2299,127.0609138,37.0672656
수비뇨기과의원,경기,평택시,"경기도 평택시 안중읍 안중로 124-1, 2층",031-681-1684,126.9303118,36.9886036
수원구치소 평택지소 부속의원,경기,평택시,"경기도 평택시 평남로 1036, (동삭동)",031-650-5875,127.0967558,37.0105006
수이비인후과의원,경기,오산시,"경기도 오산시 성호대로 121, 월드타워 4층 404호 (오산동)",031-373-9275,127.0748375,37.1490571
숨앤잠이비인후과의원,경기,오산시,"경기도 오산시 죽담3로 6, 4층 404,405호 (궐동)",,127.0504457,37.1636863
스노우의원평택고덕점,경기,평택시,"경기도 평택시 고덕국제7로 117, 604호 ~ 606호 (고덕동)",031-668-8580,127.0297614,37.0351969
스마일가정의학과의원,경기,평택시,"경기도 평택시 신촌2로 22, B동 401,402,403호 (칠원동)",031-668-7801,127.1040567,37.0260471
아나픈마취통증의학과의원,경기,평택시,"경기도 평택시 통복로 49-1, 2층 (통복동)",031-692-1981,127.0832154,36.9964399
아라온여성의원,경기,평택시,"경기도 평택시 고덕중앙로 200-4, 우성고덕타워 510,511,512호 (고덕동)",031-8054-7988,127.0442098,37.0477733
아산소리이비인후과의원,경기,평택시,"경기도 평택시 지제동삭2로 181-24, 201호 일부, 203호, 204호 (동삭동)",031-8054-7731,127.0937686,37.0168881
아산튼튼신경외과의원,경기,오산시,"경기도 오산시 수청로 193, 2층 203호, 204호 (금암동)",031-377-0160,127.0455185,37.1766517
아이맘한사랑의원,경기,평택시,"경기도 평택시 안중읍 안현로서6길 44, 2층",031-684-6384,126.9247467,36.9848019
아이봄소아청소년과의원,경기,평택시,"경기도 평택시 고덕갈평6길 29, 304호,305,호,306호,307호,308호 (고덕동)",031-647-0806,127.0474399,37.0573027
아이엠내과의원,경기,안성시,"경기도 안성시 중앙로 374, (서인동)",031-672-8575,127.2683648,37.0075246
아이오르의원,경기,오산시,"경기도 오산시 대원로 30, 3층 304,305,306호 (원동)",031-372-2232,127.071772,37.1461194
아주베스트의원,경기,오산시,"경기도 오산시 부산중앙로 25-6, 2층 201,202호 (부산동)",031-372-8279,127.0907427,37.1509103
아주사랑마취통증의학과의원,경기,오산시,"경기도 오산시 수청로 189, 201호 (금암동, 웅신아트프라자)",031-372-1275,127.0459084,37.1768205
아주의원,경기,평택시,"경기도 평택시 고덕갈평5길 32, 그랜드메디컬타워 405호 (고덕동)",031-663-2041,127.0474102,37.0565574
아주척마디의원,경기,평택시,"경기도 평택시 평남로 941, 우성메디피아 501,502호 (비전동)",031-615-4555,127.1041729,37.0046213
안성바로본365의원,경기,안성시,"경기도 안성시 아양1로 77-25, 폴리프라자 208-215호 (옥산동)",031-671-0365,127.2584884,37.0070874
안성밝은안과의원,경기,안성시,"경기도 안성시 중앙로 376, (서인동)",031-675-0975,127.2686397,37.0075707
안성신통마취통증의학과의원,경기,안성시,"경기도 안성시 내혜홀2길 86, (아양동)",031-671-8275,127.2668247,37.0062668
안성연세의원,경기,안성시,"경기도 안성시 공도읍 공도로 132, 3층 (골드일번가)",653-5579,127.1748973,37.0014237
안성의료복지사회적협동조합 서안성의원,경기,안성시,"경기도 안성시 공도읍 승두길 40, 40",031-651-6121,127.1711702,36.9986754
안성의료복지사회적협동조합안성농민의원,경기,안성시,"경기도 안성시 중앙로371번길 13, 2,3층 (석정동)",031-675-0227,127.2683222,37.0083893
안성의료복지사회적협동조합우리동네의원,경기,안성시,"경기도 안성시 대학로 65, 1층 (당왕동)",031-671-9157,127.2662499,37.0142501
안성제일정형외과의원,경기,안성시,"경기도 안성시 중앙로372번길 37-15, 1층 (서인동)",031-673-2119,127.2683422,37.0062103
안성탑튼튼의원,경기,안성시,"경기도 안성시 중앙로 374, 302~305호 (서인동)",031-672-8288,127.2683648,37.0075246
안성한주의원,경기,안성시,"경기도 안성시 물방아거리길 6, (인지동)",031-674-7501,127.2689799,37.0049966
안성햇살의원,경기,안성시,"경기도 안성시 중앙로 374, 메디스퀘어 1동 9, 10층 전호 (서인동)",031-8057-8995,127.2683648,37.0075246
안정우리들의원,경기,평택시,"경기도 평택시 팽성읍 안정쇼핑로 41-1, 41",031-658-8337,127.0465456,36.9615132
안준석마취통증의학과의원,경기,평택시,"경기도 평택시 평택로 78, 2층 (평택동)",031-658-0034,127.0850712,36.9939845
안중밝은안과의원,경기,평택시,"경기도 평택시 안중읍 안현로 300, 안중 메디컬타워",031-684-0067,126.9253762,36.9777793
안중산부인과의원,경기,평택시,"경기도 평택시 안중읍 안중로131번길 14-15, (안중읍)",031-683-7366,126.9295846,36.9900749
안중오안과의원,경기,평택시,"경기도 평택시 안중읍 안현로 417, 세정빌딩 2층 201호",031-681-0248,126.9312741,36.9873103
안창욱항외과의원,경기,오산시,"경기도 오산시 경기대로 154, 패션 폴라리스 302,303,308호 (원동)",031-374-2446,127.0738662,37.1384985
압구정뷰앤미의원,경기,평택시,"경기도 평택시 중앙2로 13, 센텀스카이빌딩 8층 802호 (평택동)",031-655-7588,127.0886955,36.9919135
양생의원,경기,오산시,"경기도 오산시 운천로 76, 301호 (오산동, 한마음빌딩)",031-372-7666,127.074778,37.1495428
에비뉴의원,경기,평택시,"경기도 평택시 평택2로 30, 2층, 301호 (평택동)",031-692-3777,127.0897024,36.9935416
엠디피부과의원,경기,평택시,"경기도 평택시 평택1로 4, (평택동)",031-655-5151,127.0870848,36.9923655
엠비여성의원,경기,오산시,"경기도 오산시 오산로 185, 2,3층 (오산동)",031-378-2123,127.0683513,37.1433806
엠에스안과의원,경기,평택시,"경기도 평택시 고덕중앙로 218, 우성메디컬센터 705-710호 (고덕동)",031-616-1001,127.0449637,37.0478984
연세가정의원,경기,평택시,"경기도 평택시 관광특구로 37, 3층 (서정동)",031-668-6231,127.0630281,37.0670743
연세누리소아청소년과의원,경기,평택시,"경기도 평택시 상서재로 55, 근생1동 02,03호 (동삭동, 평택센트럴자이 3단지)",031-647-3373,127.1006734,37.0214999
연세다봄의원,경기,평택시,"경기도 평택시 동삭1로22번길 19-17, 메인프라자 2층 206,207호 (동삭동)",031-691-8131,127.0930221,37.0206347
연세드림안과의원,경기,오산시,"경기도 오산시 경기대로 155, 402호 (원동, 신한프라자 에이)",031-378-7540,127.0731132,37.1386476
연세로이외과의원,경기,평택시,"경기도 평택시 평택5로20번길 38, 4-6층 (합정동)",031-647-6772,127.1138885,36.9899572
연세마취통증의학과의원,경기,평택시,"경기도 평택시 안중읍 안현로 417, 세정빌딩 3층",031-684-7582,126.9312741,36.9873103
연세바른내과의원,경기,평택시,"경기도 평택시 세교7길 52, 2,3층 (세교동)",031-8054-7591,127.0894784,37.0064669
연세소울정신건강의학과의원,경기,평택시,"경기도 평택시 용죽5길 6-28, JEJ TOWER 6층 601호 (용이동)",031-656-0345,127.12607,36.9925896
연세수정형외과의원,경기,평택시,"경기도 평택시 세교8길 30, 세교디오네프라자 4층 403,404,405,406호 (세교동)",031-654-7100,127.0907222,37.0090505
연세아산산부인과의원,경기,안성시,"경기도 안성시 중앙로 374, 메디스퀘어 1동 4층 403호 (서인동)",031-676-1121,127.2683648,37.0075246
연세안과의원,경기,오산시,"경기도 오산시 오산로 209, 1층 102호 (오산동)",378-9111,127.0681826,37.1454049
연세올바른내과의원,경기,안성시,"경기도 안성시 공도읍 공도로 83, (공도읍)",031-647-0977,127.170316,36.9998013
연세우리소아청소년과의원,경기,오산시,"경기도 오산시 경기대로 178, 비전탑 201호 일부, 302호 (원동)",031-376-9637,127.073913,37.140645
연세우리아이소아청소년과의원,경기,평택시,"경기도 평택시 고덕국제5로 145, 310호~312호 (고덕동)",031-647-3699,127.0257893,37.0344178
연세원내과의원,경기,평택시,"경기도 평택시 통복로 46, 2,3층 (통복동)",031-651-9866,127.0833897,36.9960392
연세원내과의원,경기,오산시,"경기도 오산시 내삼미로 93, 백현프라자 3층 (수청동)",031-8077-2123,127.0657863,37.170536
연세으뜸정형외과의원,경기,오산시,"경기도 오산시 오산로 199, 401~403호 (오산동)",031-378-7525,127.0682933,37.1447035
연세의원,경기,안성시,"경기도 안성시 죽산면 서부길 4-2, (죽산면)",031-676-6875,127.4201543,37.0744438
연세재활의학과의원,경기,평택시,"경기도 평택시 평택로 41, (평택동)",031-656-5111,127.087098,36.9911233
연세재활의학과의원,경기,평택시,"경기도 평택시 서정역로 52-1, (서정동)",031-662-7877,127.0550006,37.0585921
연세정의원,경기,오산시,"경기도 오산시 오산로 300, 2,4층 (오산동)",031-374-3677,127.0688435,37.1537549
연세정이비인후과의원,경기,평택시,"경기도 평택시 평남로 937, 폴리프라자 5층 504호 (비전동)",031-652-1144,127.104453,37.0043914
연세정형외과의원,경기,오산시,"경기도 오산시 성호대로 121, 4층 (오산동, 월드타워)",031-372-7582,127.0748375,37.1490571
연세정형외과의원,경기,평택시,"경기도 평택시 평택1로 48, (비전동)",031-618-8300,127.0882351,36.9962295
연세제일의원,경기,평택시,"경기도 평택시 안중읍 안중로131번길 5, (안중읍)",031-683-2580,126.9309377,36.9891197
연세제일의원,경기,평택시,"경기도 평택시 탄현로 320, (지산동)",031-664-7577,127.0558676,37.0808352
연세참비뇨의학과의원,경기,평택시,"경기도 평택시 비전5로 37, 2층 201,202,205호 (비전동)",031-647-0925,127.1147039,37.0016056
연세튼튼신경외과의원,경기,안성시,"경기도 안성시 안성맞춤대로 1043, 2,4층 (서인동)",031-676-8275,127.2690215,37.0065918
연세튼튼재활의학과의원,경기,오산시,"경기도 오산시 내삼미로79번길 23, 라온누리빌딩 203호 (수청동)",031-378-8279,127.0643121,37.169778
연세패밀리의원,경기,평택시,"경기도 평택시 평택5로 30, (합정동)",031-656-2377,127.1117978,36.9884329
연세한빛외과의원,경기,평택시,"경기도 평택시 서정역로36번길 24-10, (이충동)",031-664-7525,127.057039,37.0570925
연세허브가정의학과의원,경기,평택시,"경기도 평택시 평택5로 191, 3층 (비전동)",031-647-6090,127.1028147,36.9964689
열린성모외과의원,경기,평택시,"경기도 평택시 송탄로371번길 17, (지산동)",031-665-6194,127.056727,37.0767005
열린성모이비인후과의원,경기,평택시,"경기도 평택시 동삭1로22번길 19-21, 3층 302호 (동삭동)",031-653-8275,127.0932609,37.0208985
열린의원,경기,평택시,"경기도 평택시 관광특구로 18, 5층 (서정동)",031-662-2032,127.0607184,37.0667008
염&박비뇨기과의원,경기,평택시,"경기도 평택시 평택2로20번길 31, 5층 (평택동)",031-655-9875,127.089913,36.9919406
영제의원,경기,평택시,"경기도 평택시 중앙로 7-1, (통복동)",031-652-8401,127.0841984,36.9955585
예가정의학과의원,경기,오산시,"경기도 오산시 수청로 201, 402호 (금암동, 센타프라자)",031-376-6300,127.0445545,37.1763951
예소람의원,경기,안성시,"경기도 안성시 중앙로 380, 3층 (서인동)",031-674-8275,127.2688834,37.0075104
예인피부과의원,경기,평택시,"경기도 평택시 경기대로 271, 패밀리타운 2층 (비전동)",031-654-4476,127.1127586,36.995035
예일산부인과의원,경기,평택시,"경기도 평택시 중앙로 146-1, (합정동)",031-656-3885,127.0991649,36.9921994
오늘은안아픈의원,경기,오산시,"경기도 오산시 세마문학로 50, (지곶동, e편한세상)",031-376-7578,127.0278577,37.1683157
오라클피부과의원,경기,오산시,"경기도 오산시 대원로 10, 서울내과의원 3층 (원동)",031-374-0064,127.0694857,37.1462665
오렌지안과의원,경기,평택시,"경기도 평택시 서동대로 3879, 4층 403호 (용이동)",031-618-9123,127.1378517,36.9942774
오산고려내과의원,경기,오산시,"경기도 오산시 궐리사로 57, 2,3층 (궐동, 서윤빌딩)",031-372-5868,127.0587734,37.1595245
오산다원의료소비자생활협동조합 참조은의원,경기,오산시,"경기도 오산시 동부대로 332-13, 가동 2층 201~205호, 3층 (고현동)",031-831-3690,127.0790798,37.1320824
오산마취통증의학과의원,경기,오산시,"경기도 오산시 성호대로 89, 3층 305호 (오산동, 세명프라자)",031-377-8700,127.0713995,37.1491526
오산맑은피부과의원,경기,오산시,"경기도 오산시 대원로 8, 1층 (원동)",031-377-0041,127.0691658,37.1462949
오산뷰티온의원,경기,오산시,"경기도 오산시 내삼미로79번길 23, 102~110호 (수청동)",031-376-6825,127.0643121,37.169778
오산산부인과의원,경기,오산시,"경기도 오산시 경기대로 154, 5층 505~506호 (원동)",031-374-8555,127.0738662,37.1384985
오산성심의원,경기,오산시,"경기도 오산시 경기대로 268, (원동)",031-372-1115,127.0739754,37.1485609
오산시민의원,경기,오산시,"경기도 오산시 오산로 235, 메디타워 3층 (오산동)",031-378-6402,127.0682606,37.1479851
오산프리모의원,경기,오산시,"경기도 오산시 성호대로 89, 304호 (오산동, 세명프라자)",031-373-5740,127.0713995,37.1491526
오산현대의원,경기,오산시,"경기도 오산시 운암로 92, 206호 (부산동, 오산운암3단지주공아파트)",031-377-7009,127.0778262,37.1544294
오산현대정형외과의원,경기,오산시,"경기도 오산시 경기대로 152, 2층 (원동, 농협)",031-375-1667,127.0737706,37.1380331
오산현안과 의원,경기,오산시,"경기도 오산시 오산로 241-1, (오산동)",031-374-0493,127.0683061,37.1485324
오성제일의원,경기,평택시,"경기도 평택시 오성면 숙성시장길 34, (오성면)",031-682-2733,126.9816439,37.0074117
오앤유내과영상의학과의원,경기,평택시,"경기도 평택시 이충로35번길 20-9, 2층 (이충동, 이충센타프라자)",031-665-0852,127.0664844,37.0603587
오영수의다나의원,경기,평택시,"경기도 평택시 탄현로336번길 10, 2층 (지산동)",031-665-8275,127.0568371,37.0816793
오제호내과의원,경기,평택시,"경기도 평택시 탄현로327번길 4, (신장동)",031-668-1675,127.0558289,37.081665
오즈신경과의원,경기,오산시,"경기도 오산시 대원로 6, 4층 (원동, 역전빌딩)",031-375-0777,127.0689925,37.1461121
오케이365정형외과의원,경기,오산시,"경기도 오산시 오산로 244, 2,3층 (오산동)",031-373-7580,127.0686766,37.1486574
오케이성모내과의원,경기,오산시,"경기도 오산시 오산로 244, 4층 (오산동)",031-8067-6888,127.0686715,37.1486399
온가족소아청소년과의원,경기,오산시,"경기도 오산시 문시로 183-4, 더샵프라자 2층 206-208호 (외삼미동)",031-8077-2658,127.0673341,37.1907964
올리브의원,경기,안성시,"경기도 안성시 중앙로 312, (석정동)",031-671-7585,127.2623222,37.0102862
우리든든내과의원,경기,평택시,"경기도 평택시 세교8길 30, 세교디오네프라자 5층 506호, 507호 (세교동)",031-616-7070,127.0907222,37.0090505
우리들소아청소년과의원,경기,안성시,"경기도 안성시 공도읍 서동대로 4081, (주은풍림상가2층)",031-654-6700,127.1597072,36.9981375
우리들외과의원,경기,평택시,"경기도 평택시 서정역로 22, (서정동)",031-662-2422,127.0558206,37.0560657
우리들의원,경기,안성시,"경기도 안성시 죽산면 죽주로 271, (죽산면)",671-0098,127.4251495,37.0759018
우리메디의원,경기,평택시,"경기도 평택시 중앙2로 16, 2층 202호 (평택동)",031-682-4999,127.0886221,36.9914681
우리신경외과의원,경기,평택시,"경기도 평택시 원평로105번길 42, (통복동)",031-654-0011,127.0780499,36.993407
우리의원,경기,오산시,"경기도 오산시 오산로 349, (궐동)",031-376-6511,127.0668691,37.157871
우리의원,경기,안성시,"경기도 안성시 장기로 38, (인지동)",031-671-7511,127.2675434,37.0056991
우리정형외과의원,경기,오산시,"경기도 오산시 오산로 303, (오산동)",031-374-2211,127.0684093,37.153943
우먼필산부인과의원,경기,오산시,"경기도 오산시 대원로 34, (원동)",031-378-5950,127.0722141,37.1461261
워치타워부속의원,경기,안성시,"경기도 안성시 공도읍 신두만곡로 73, 워치타워성서책자협회 가동 1층",690-0033,127.1956662,37.000922
웰봄내과의원,경기,오산시,"경기도 오산시 경기대로 534, 4층 (수청동)",031-8077-2124,127.0640749,37.1706269
웰의원,경기,안성시,"경기도 안성시 중앙로 368, 3층 (석정동, 모아빌딩)",671-6400,127.2676156,37.0077318
유앤아이의원,경기,평택시,"경기도 평택시 평남로 862, 2층 201호 (비전동)",031-647-6618,127.1114954,37.0004749
유준상가정의학과의원,경기,오산시,"경기도 오산시 양산로410번길 12, 306호 (양산동, 엠스퀘어빌딩)",031-377-9922,127.0301703,37.1953895
유키즈소아청소년과의원,경기,평택시,"경기도 평택시 지제동삭1로 208, 3층 (동삭동)",031-8054-7500,127.0889023,37.0171554
유희범소아과의원,경기,안성시,"경기도 안성시 중앙로 370, 3층 (석정동, 하평플리스)",031-675-5500,127.2678542,37.0076411
윤정신건강의학과의원,경기,평택시,"경기도 평택시 평택2로 49, (비전동)",031-652-9497,127.0904477,36.995138
으랏차정형외과의원,경기,평택시,"경기도 평택시 중앙로 120-1, (합정동)",031-653-2775,127.0963823,36.9928029
은가정의학과의원,경기,평택시,"경기도 평택시 고덕면 궁2길 67, 그레이스프라자 2층 203호",031-665-1275,127.0343905,37.0180474
의료법인 열린의료재단 푸른의원,경기,평택시,"경기도 평택시 중앙2로 13, 6층 (평택동, 센텀스카이)",031-658-8077,127.0886955,36.9919135
의료법인양진의료재단 성모아이들의원,경기,평택시,"경기도 평택시 평택5로 65, (비전동)",031-651-0707,127.1111376,36.9919482
이광옥소아청소년과의원,경기,평택시,"경기도 평택시 안중읍 안현로서8길 57, 2층 212,212-1호",031-682-8773,126.9194166,36.9790824
이근찬내과의원,경기,오산시,"경기도 오산시 성호대로 122, (오산동)",031-374-9221,127.0748084,37.1485109
이동석내과의원,경기,평택시,"경기도 평택시 세교3로 8, 201호 (세교동, 현대아파트상가)",031-651-9111,127.0796605,37.0011742
이동훈내과의원,경기,평택시,"경기도 평택시 서정역로 42, (서정동)",031-662-9022,127.0557849,37.0579367
이상대산부인과의원,경기,평택시,"경기도 평택시 평택2로 23, (평택동)",031-652-7489,127.0888904,36.9935197
이선경산부인과의원,경기,안성시,"경기도 안성시 중앙로379번길 29, (대천동)",031-674-2251,127.2691234,37.0089308
이선미산부인과의원,경기,평택시,"경기도 평택시 중앙로 20, (평택동)",031-658-5591,127.0853777,36.9950076
이성미베스트의원,경기,평택시,"경기도 평택시 평택4로 52, 2층 (비전동, 동아빌딩)",031-656-7529,127.1012162,36.992388
이승균이비인후과의원,경기,평택시,"경기도 평택시 안중읍 안현로 417, 세정빌딩 1층",031-681-3347,126.9312741,36.9873103
이승훈내과의원,경기,평택시,"경기도 평택시 중앙로 198, (합정동)",031-656-7676,127.1048477,36.9909868
이안과의원,경기,평택시,"경기도 평택시 중앙2로 19, (평택동)",031-655-5800,127.0892466,36.9918474
이외과의원,경기,평택시,"경기도 평택시 통복시장로6번길 18-3, 1층 (통복동)",654-2521,127.0860787,36.9953778
이정래산부인과의원,경기,평택시,"경기도 평택시 비전5로 20-26, 로데오1103더테라스 301호 (비전동)",031-8054-0015,127.1146146,36.9988462
이종광이비인후과의원,경기,평택시,"경기도 평택시 탄현로327번길 2, (신장동)",031-662-8787,127.0558849,37.0817301
이호수내과의원,경기,오산시,"경기도 오산시 경기대로 174, 304,305호 (원동, 다모아프라자)",031-375-7570,127.0737962,37.1402822
일죽제일의원,경기,안성시,"경기도 안성시 일죽면 주래본죽로 18, 18",031-674-0470,127.4765644,37.0939069
임가정의원,경기,평택시,"경기도 평택시 포승읍 여술로 21, 2층 (선구빌딩)",031-683-0516,126.8450402,36.9882867
임영묵이비인후과의원,경기,안성시,"경기도 안성시 중앙로 388, (서인동)",031-672-9738,127.2699228,37.0072996
잇츠미의원,경기,평택시,"경기도 평택시 고덕국제대로 94, 우성고덕타워 3층 305호~309호 (고덕동)",,127.0442027,37.045272
잇츠미의원,경기,안성시,"경기도 안성시 중앙로 366, 크리스탈빌딩 3층 1,2,3호 (석정동)",031-675-1020,127.2674027,37.0077855
자애의원,경기,안성시,"경기도 안성시 일죽면 금일로 465-10, (일죽면)",674-1198,127.4780004,37.0933754
장승호이비인후과의원,경기,오산시,"경기도 오산시 오산로 214, (원동)",031-376-0121,127.0686558,37.1459635
장영외과의원,경기,평택시,"경기도 평택시 경기대로 1286, 1층 (이충동, 명성빌딩)",031-611-8275,127.0649855,37.059883
장응서내과의원,경기,평택시,"경기도 평택시 안중읍 안중로 137, (안중읍)",031-681-1511,126.9317364,36.9890273
장의원,경기,평택시,"경기도 평택시 안중읍 안중로 126, (안중읍)",031-681-5111,126.9304817,36.9886089
장이비인후과의원,경기,평택시,"경기도 평택시 평택2로20번길 4, (평택동)",031-652-6932,127.0886264,36.9928926
장편한현내과의원,경기,오산시,"경기도 오산시 경기대로 154, 2층 220~224호 (원동)",031-373-4761,127.0738662,37.1384985
재우산부인과의원,경기,평택시,"경기도 평택시 탄현로 317, 4층 (신장동)",031-662-0001,127.0552674,37.0807577
전성훈내과의원,경기,오산시,"경기도 오산시 대원로 6, 2층 (원동)",031-372-8665,127.0689925,37.1461121
정동국내과의원,경기,평택시,"경기도 평택시 탄현로 340, (지산동)",031-662-8828,127.0570897,37.0823031
정비뇨기과의원,경기,평택시,"경기도 평택시 탄현로327번길 6, 2,3층 (신장동)",031-663-3311,127.0556849,37.0816034
정이비인후과의원,경기,평택시,"경기도 평택시 경기대로 1365, 2층 (서정동)",031-663-5075,127.0636646,37.0670039
제이에스의원,경기,평택시,"경기도 평택시 청북읍 안청로 332, 한남프라자 401호",031-686-7511,126.9159078,37.0175045
제일비뇨기과의원,경기,평택시,"경기도 평택시 서정역로 38, (서정동, 파크랜드 2층)",031-657-1133,127.0560206,37.0576039
조은소리이비인후과의원,경기,오산시,"경기도 오산시 대원로 3, 2층 (오산동)",031-377-6672,127.0688496,37.1465956
좋은샘가정의학과의원,경기,평택시,"경기도 평택시 지산로 85, 2층 (독곡동, 우남빌딩)",031-668-9411,127.0642576,37.0806276
중앙메디칼의원,경기,오산시,"경기도 오산시 한신대길 117, (양산동)",031-376-8575,127.0234225,37.1964025
중앙외과의원,경기,안성시,"경기도 안성시 일죽면 금일로 460, (일죽면)",031-675-0068,127.4783253,37.0925986
중앙의원,경기,안성시,"경기도 안성시 대덕면 서동대로 4723, 3층",031-675-8968,127.2255919,37.0131929
중앙의원,경기,평택시,"경기도 평택시 탄현로 317, (신장동)",031-663-3369,127.0552674,37.0807577
지엔산부인과의원,경기,평택시,"경기도 평택시 비전5로 3, (비전동)",,127.111611,36.9999179
지엔연세소아청소년과의원,경기,평택시,"경기도 평택시 비전5로 3, 1층 근생01호 (비전동)",031-663-0025,127.111611,36.9999179
지제성모내과의원,경기,평택시,"경기도 평택시 영신2길 19, 3층 (세교동)",031-647-0810,127.0834802,37.021366
차앤박피부과의원,경기,평택시,"경기도 평택시 중앙2로 2, 3층 (평택동)",031-651-9200,127.0872355,36.9916298
차외과의원,경기,안성시,"경기도 안성시 중앙로379번길 29, (대천동)",031-673-2251,127.2691234,37.0089308
참사랑내과의원,경기,오산시,"경기도 오산시 오산로 206, 2층 201,202호 (원동)",031-372-3114,127.0686848,37.1452005
참이비인후과의원,경기,안성시,"경기도 안성시 공도읍 공도로 116-16, 4층",031-656-7555,127.1731197,36.9992996
참정형외과의원,경기,오산시,"경기도 오산시 오산로 164, 4층 (원동, 양우프라자)",031-375-6003,127.06907,37.1414504
참편한내과의원,경기,평택시,"경기도 평택시 통복로 43, 2층 (통복동)",031-618-9876,127.0830402,36.9959954
청담맥의원,경기,오산시,"경기도 오산시 경기대로 155, 신한프라자A 5층 501호 (원동)",031-372-1264,127.0731132,37.1386476
청담윤미인의원,경기,평택시,"경기도 평택시 평택2로 6, 3층 (평택동, 산천빌딩)",031-658-4800,127.0875488,36.9921415
최규호의원,경기,평택시,"경기도 평택시 평택로 54, (평택동)",031-655-6552,127.0865895,36.9922498
최유상소아청소년과의원,경기,평택시,"경기도 평택시 평택로32번길 22, (평택동)",031-656-5077,127.0890999,36.9910109
최윤건내과의원,경기,평택시,"경기도 평택시 평택2로20번길 14, 3층 (평택동)",031-652-9779,127.0890029,36.9924728
최이비인후과의원,경기,안성시,"경기도 안성시 중앙로 385, 2층 (대천동)",031-675-7421,127.2697751,37.0077655
최중철정신건강의학과의원,경기,오산시,"경기도 오산시 역광장로 71, (오산동)",031-373-9966,127.0676458,37.1469297
코모키이비인후과의원,경기,평택시,"경기도 평택시 경기대로 269, (비전동)",031-652-6695,127.1129861,36.9947285
코아이비인후과의원,경기,안성시,"경기도 안성시 공도읍 서동대로 3874, 2층 (태지빌딩)",692-8276,127.1376616,36.9934925
코코이비인후과의원,경기,오산시,"경기도 오산시 대원로 2, 광장약국 2층 (원동)",031-376-8850,127.068693,37.1462902
코코이비인후과의원,경기,평택시,"경기도 평택시 청북읍 청북남로 260, 211호",684-7573,126.9153185,37.0196313
클리어안과의원,경기,평택시,"경기도 평택시 지제동삭2로 181-26, Adriamedi Tower 402호,403호,502호,503호 (동삭동)",031-647-6247,127.09411,37.017183
키즈하임소아청소년과의원,경기,평택시,"경기도 평택시 평남로 941, (비전동, 우성메디피아)",031-655-0125,127.1041729,37.0046213
타임성형외과의원,경기,평택시,"경기도 평택시 진위면 진위2산단로 15-40, 3층 301호",031-611-7747,127.0662448,37.122749
타임피부과의원,경기,오산시,"경기도 오산시 수청로 197, 403.406호 (금암동, 백현프라자)",031-374-3400,127.045109,37.1765166
태림의원,경기,오산시,"경기도 오산시 수청로 188, 201호 (금암동, 롯데슈퍼)",031-372-3675,127.0457071,37.1773828
터미널마취통증의학과의원,경기,안성시,"경기도 안성시 공도읍 공도로 92, 1층",031-654-7512,127.1712712,36.9996521
토마토의원,경기,오산시,"경기도 오산시 경기대로 178, 2층 202,203,204호 (원동)",031-373-8383,127.073913,37.140645
톡스앤필의원,경기,평택시,"경기도 평택시 중앙2로 16, 셀럽프라자 5층 502호 (평택동)",031-658-3101,127.0886221,36.9914681
톤즈의원,경기,평택시,"경기도 평택시 고덕국제대로 94, 우성고덕타워 205~211호 (고덕동)",,127.0442027,37.045272
튼튼소아청소년과의원,경기,평택시,"경기도 평택시 현촌4길 2-41, 2층 (용이동, 한국마트 주차빌딩)",031-652-0275,127.1332048,36.9991257
튼튼외과의원,경기,안성시,"경기도 안성시 남파로 75, 1층 (당왕동)",031-671-9985,127.2583781,37.0167484
파트너이비인후과의원,경기,평택시,"경기도 평택시 영신2길 87, 영신빌딩 4층 401호 (세교동)",031-656-1200,127.0827592,37.0201637
팽성하나의원,경기,평택시,"경기도 평택시 팽성읍 부용로 51, (팽성읍)",031-658-7551,127.0608959,36.9647337
평송의원,경기,평택시,"경기도 평택시 중앙2로 5, 1층 (평택동)",031-651-8244,127.0876241,36.9919308
평택고덕본스타마취통증의학과의원,경기,평택시,"경기도 평택시 고덕여염9길 38, 416-427호 (고덕동)",031-611-8220,127.0509675,37.0401502
평택고덕본정형외과의원,경기,평택시,"경기도 평택시 고덕중앙로 200-4, 우성고덕타워 6층 605~609호 (고덕동)",031-994-7772,127.0442098,37.0477733
평택더세움신경외과의원,경기,평택시,"경기도 평택시 세교7길 30, 3층,4층 (세교동)",031-618-7588,127.088213,37.0043551
평택라이프365의원,경기,평택시,"경기도 평택시 소사5길 120, (소사동)",,127.1264616,36.99168
평택미영상의학과의원,경기,평택시,"경기도 평택시 평택2로20번길 31, 2층일부층 (평택동)",031-656-0009,127.089913,36.9919406
평택반디소아청소년과의원,경기,평택시,"경기도 평택시 고덕국제대로 94, 우성고덕타워 603~604호 (고덕동)",,127.0442027,37.045272
평택베스트내과의원,경기,평택시,"경기도 평택시 동삭로 384, 2층 (동삭동)",031-8054-7570,127.0968218,37.0201866
평택비전안과의원,경기,평택시,"경기도 평택시 비전5로 20-26, 314호 (비전동)",031-656-2256,127.1146146,36.9988462
평택사랑외과의원,경기,평택시,"경기도 평택시 중앙로 80-1, (합정동)",031-653-1195,127.0920175,36.9937505
평택성모안과의원,경기,평택시,"경기도 평택시 평택2로 6, 2층 (평택동, 산천빌딩)",031-618-3131,127.0875488,36.9921415
평택센텀정형외과의원,경기,평택시,"경기도 평택시 평남로 937, 폴리프라자 2층 201~205호 (비전동)",031-616-9988,127.104453,37.0043914
평택시민의료소비자생활협동조합 시민의원,경기,평택시,"경기도 평택시 중앙로 165, 1층 (비전동)",031-653-3677,127.1013607,36.9921898
평택연세내과의원,경기,평택시,"경기도 평택시 중앙로 105, (비전동)",031-654-7582,127.0948885,36.9935991
평택외과의원,경기,평택시,"경기도 평택시 통복로32번길 3, (통복동)",031-653-0119,127.0831362,36.9946543
평택장문외과의원,경기,평택시,"경기도 평택시 평택2로10번길 34, (평택동)",031-658-5902,127.08935,36.991993
평택중앙내과의원,경기,평택시,"경기도 평택시 중앙로 29, (통복동)",031-651-9107,127.0863966,36.9953196
평택코끼리마취통증의학과의원,경기,평택시,"경기도 평택시 통복로37번길 5, 2,3층 (통복동)",031-652-8575,127.0828136,36.9953403
평택탑마취통증의학과의원,경기,평택시,"경기도 평택시 용죽3로 25, 2층 (용이동)",031-647-4377,127.1248013,36.9939187
평택핑크리본외과의원,경기,평택시,"경기도 평택시 중앙2로 15, 2층 (평택동)",031-618-5570,127.0888129,36.9918583
평택한길정형외과의원,경기,평택시,"경기도 평택시 중앙로 66, (평택동)",031-657-1515,127.0904677,36.9938613
포승21세기의원,경기,평택시,"경기도 평택시 포승읍 서동대로 1124, (포승읍)",031-682-7553,126.8798853,36.980662
포승백내과의원,경기,평택시,"경기도 평택시 포승읍 여술로 20, 스타타워 403호",031-8054-7727,126.8447486,36.9877168
포승튼튼의원,경기,평택시,"경기도 평택시 포승읍 여술로 20, 401, 402호",031-8054-8575,126.8447486,36.9877168
푸른의원,경기,안성시,"경기도 안성시 공도읍 진사길 32, (주은청설(아)상가)",031-656-7582,127.1387828,36.9899145
푸른이비인후과의원,경기,안성시,"경기도 안성시 공도읍 공도로 83, 2층",031-657-4835,127.170316,36.9998013
풍림연세의원,경기,안성시,"경기도 안성시 공도읍 서동대로 4081, 2층 (주은풍림(아)상가)",653-3537,127.1597072,36.9981375
플로우이비인후과의원,경기,안성시,"경기도 안성시 중앙로 374, 메디스퀘어 2층 202호,203호 (서인동)",031-677-2933,127.2683648,37.0075246
하나로내과의원,경기,평택시,"경기도 평택시 청북읍 청북남로 254, 청북센터프라자 203-205호",031-682-8217,126.91594,37.0196679
하나로연합의원,경기,안성시,"경기도 안성시 중앙로 370, 4층 (석정동, 하평플리스)",672-2475,127.2678542,37.0076411
하나로의원,경기,평택시,"경기도 평택시 신장로 25, (신장동)",031-664-8007,127.0517802,37.0790577
하나여성의원,경기,안성시,"경기도 안성시 안성맞춤대로 1043, (서인동)",031-677-7700,127.2690215,37.0065918
하나원부속의원,경기,안성시,"경기도 안성시 아양로 12, 안성우체국,사서함 18호 (석정동)",031-670-9336,127.2629627,37.0086513
하나의원,경기,평택시,"경기도 평택시 송탄로 410, (지산동)",031-663-9798,127.0580869,37.0801474
하나정신건강의학과의원,경기,평택시,"경기도 평택시 평택2로20번길 14, 4층 (평택동)",031-618-2111,127.0890029,36.9924728
하나정신건강의학과의원,경기,안성시,"경기도 안성시 중앙로 370, (석정동)",031-671-0075,127.2678542,37.0076411
하북한사랑의원,경기,평택시,"경기도 평택시 진위면 진위서로 2, (진위면)",031-611-7933,127.0639218,37.1092492
하얀나라이상수피부과의원,경기,평택시,"경기도 평택시 탄현로326번길 3, (지산동)",031-666-8359,127.0561127,37.081243
하얀피부과의원,경기,안성시,"경기도 안성시 중앙로 370, 4층 (석정동, 하평플리스)",031-674-5592,127.2678542,37.0076411
한길아산내과의원,경기,안성시,"경기도 안성시 중앙로 408, (동본동)",031-675-0500,127.2719514,37.006911
한마음의원,경기,평택시,"경기도 평택시 세교상가1길 6, (세교동, 개암빌딩)",031-658-7999,127.0793798,36.999981
한마음의원,경기,오산시,"경기도 오산시 오산로272번길 17, 2층 (오산동)",031-378-9744,127.0703799,37.1512677
한사랑의원,경기,평택시,"경기도 평택시 원평1로 28, 2층 (평택동, 천하빌딩)",031-658-1977,127.083261,36.9892851
한솔가정의원,경기,오산시,"경기도 오산시 매홀로 71, (수청동, 오산대우아파트)",031-374-1267,127.062032,37.1638174
한솔비뇨기과의원,경기,오산시,"경기도 오산시 역광장로 55, 동일빌딩 4층 (오산동)",031-377-9400,127.0674414,37.1453601
한양내과의원,경기,안성시,"경기도 안성시 중앙로382번길 20, (서인동)",031-675-7567,127.2683245,37.0072946
한양신경외과의원,경기,평택시,"경기도 평택시 안중읍 안현로 423, (안중읍)",031-682-4700,126.9313595,36.9876789
한양에이스마취통증의학과의원,경기,평택시,"경기도 평택시 탄현로 328, (지산동)",031-666-7500,127.0562984,37.0815274
한양의원,경기,평택시,"경기도 평택시 지산로 56, (지산동)",031-665-0682,127.0612224,37.0794618
한주희정형외과의원,경기,평택시,"경기도 평택시 평택4로 39, 2층 (합정동, 골든브릿지캐피탈)",031-618-0707,127.1000456,36.9915739
한형수내과의원,경기,오산시,"경기도 오산시 대원로15번길 23, (오산동)",031-375-8200,127.0698091,37.1485407
항편한외과의원,경기,오산시,"경기도 오산시 오산로 209, 5층 (오산동)",031-373-3700,127.0681826,37.1454049
행림내과의원,경기,평택시,"경기도 평택시 포승읍 여술2길 22, (포승읍)",031-684-7533,126.8456044,36.9874816
행복주는의원,경기,오산시,"경기도 오산시 오산로 206, 3층 301,302호 (원동)",031-377-8274,127.0686848,37.1452005
행복주는의원,경기,평택시,"경기도 평택시 평남로 858, 삼성타워 3층 302호 (비전동)",031-647-0228,127.1115767,37.0001292
행복한가족의원,경기,오산시,"경기도 오산시 동부대로 355, 3층 (고현동)",374-7528,127.0778859,37.1337775
험프리스글로리의원,경기,평택시,"경기도 평택시 팽성읍 안정쇼핑로 37, 3층",,127.0460847,36.9611669
현가정의원,경기,평택시,"경기도 평택시 평남로 722, (비전동)",031-654-0875,127.1143662,36.9943015
현대가정의원,경기,평택시,"경기도 평택시 팽성읍 안정로39번길 32, 32",031-691-6311,127.0470247,36.9611148
현대내과의원,경기,안성시,"경기도 안성시 중앙로 393, (대천동)",031-675-1100,127.2705553,37.0075108
현대의원,경기,오산시,"경기도 오산시 오산로278번길 17, (오산동)",031-375-6826,127.0704208,37.1518202
현대정형외과의원,경기,안성시,"경기도 안성시 공도읍 승두길 59, (공도읍)",031-656-3114,127.1725601,37.0000417
현대정형외과의원,경기,평택시,"경기도 평택시 지산로 62, (지산동)",031-665-4119,127.06187,37.0796669
현소아청소년과의원,경기,오산시,"경기도 오산시 부산중앙로 25-6, 3층 301호 (부산동)",031-372-7276,127.0907427,37.1509103
현화가정의원,경기,평택시,"경기도 평택시 안중읍 안현로서6길 74, 74",031-683-7582,126.9211426,36.9847858
현화배내과의원,경기,평택시,"경기도 평택시 안중읍 안현로서8길 17, 4층 (현화메디컬센터)",031-686-9991,126.923344,36.9787443
현화이비인후과의원,경기,평택시,"경기도 평택시 안중읍 안현로서8길 17, 5층",031-686-9995,126.923344,36.9787443
혜상 정신건강의학과의원,경기,평택시,"경기도 평택시 관광특구로 18, (서정동)",031-668-8883,127.0607184,37.0667008
호소아청소년과의원,경기,평택시,"경기도 평택시 청원로 1200, 201,206호 (이충동, 금강프라자)",031-662-5275,127.0562925,37.0520272
홍광의가정의원,경기,평택시,"경기도 평택시 중앙로 207, (비전동)",031-651-7566,127.105993,36.9912544
홍내과의원,경기,안성시,"경기도 안성시 안성맞춤대로 1049, (서인동)",031-675-2478,127.2692114,37.0071567
화인마취통증의학과의원,경기,평택시,"경기도 평택시 평택1로 15, 6층 (평택동, 부광빌딩)",031-8094-1222,127.0868089,36.9934128
황운정산부인과의원,경기,오산시,"경기도 오산시 대원로 6, 3층 (원동)",031-378-9452,127.0689925,37.1461121
황인선소아과의원,경기,안성시,"경기도 안성시 인지1길 9-8, (인지동)",031-671-1771,127.2676245,37.0054853
황재영정형외과의원,경기,오산시,"경기도 오산시 청학로 124-4, (궐동)",031-378-8873,127.064412,37.1599632
훼미리외과의원,경기,오산시,"경기도 오산시 성호새싹길 31, 2층 (오산동)",031-375-7512,127.0700171,37.1515924
휴먼피부과의원,경기,평택시,"경기도 평택시 중앙2로 13, 9-10층 901,904,1001,1002호 (평택동)",031-655-0031,127.0886955,36.9919135
힘나는재활의학과의원,경기,오산시,"경기도 오산시 경기대로 154, 패션 폴라리스 304,307호 (원동)",031-374-2449,127.0738662,37.1384985
