요양기관명,주소,전화번호,FAX,좌표(X),좌표(Y)
1층약국,"경기도 안성시 남파로 75, 1층 8호 (당왕동)",,,127.2583781,37.0167484
21세기 동규약국,"경기도 오산시 대원로 1, (오산동)",031-374-3680,,127.068641,37.1466082
365녹십자약국,"경기도 평택시 중앙로 2, (통복동)",031-652-3307,,127.0835289,36.9954122
365세심당약국,"경기도 안성시 인지2길 6, 1층 (인지동)",031-672-0365,,127.2674558,37.0052865
365스마일약국,"경기도 오산시 죽담안로 38-15, 1층 103호 (궐동)",070-4032-8864,,127.0521088,37.1636716
365약국,"경기도 평택시 소사5길 120, 106호 (소사동)",031-618-3365,,127.1264616,36.99168
365열린약국,"경기도 평택시 평남로 1047-1, 102호 (동삭동)",,,127.0949142,37.0094348
365열린약국,"경기도 오산시 경기대로 133, 1층 102호 (원동)",031-374-0360,,127.0727361,37.1367571
365중앙약국,"경기도 평택시 안중읍 안현로서6길 18, (안중읍)",031-683-0963,,126.9274119,36.9841948
4층새빛약국,"경기도 평택시 신촌2로 22, B동 405호 (칠원동)",031-611-1655,,127.1040567,37.0260471
GS약국,"경기도 평택시 관광특구로 31, (서정동)",031-667-6564,,127.0625582,37.0671053
가까운 정문 약국,"경기도 안성시 남파로 99, 1층 (당왕동)",031-674-7789,,127.2612708,37.0165473
가온약국,"경기도 오산시 수청로 199, 정원프라자 102호 (금암동)",,,127.0448233,37.1764456
강남약국,"경기도 평택시 평택로 54, (평택동, 외1필지)",031-692-7575,,127.0865895,36.9922498
건강백세 온누리약국,"경기도 안성시 고삼면 고삼호수로 10, (고삼면)",031-672-8836,,127.2615964,37.0829364
건강약국,"경기도 평택시 평택2로20번길 8, (평택동)",657-4196,,127.0887786,36.9927437
건강약국,"경기도 오산시 성호대로 89, (오산동, 세명프라자)",031-374-7275,,127.0713995,37.1491526
건강한약국,"경기도 안성시 장기로 9, S TOWER (석정동)",031-671-2627,,127.2659215,37.0077564
건약국,"경기도 평택시 평택4로 41, 1층 (합정동)",031-652-9456,,127.100359,36.9917538
경기약국,"경기도 평택시 중앙시장로19번길 17, (신장동)",031-666-8549,,127.0520577,37.0808866
경기약국,"경기도 오산시 오산로 302, (오산동)",031-375-6165,,127.0688177,37.1539633
경기약국,"경기도 평택시 중앙로 21-1, (통복동)",031-655-5466,,127.0857519,36.9952561
경담온누리약국,"경기도 오산시 수목원로 600, 101호 (세교동)",031-377-7893,,127.0425623,37.18506
경희온누리약국,"경기도 안성시 대덕면 서동대로 4723, (대덕면)",031-672-1649,,127.2255919,37.0131929
고덕365약국,"경기도 평택시 고덕로3길 22, 104호 (고덕동)",,,127.0265678,37.0371155
고덕드림약국,"경기도 평택시 고덕여염9길 38, 105,106호 (고덕동)",031-611-6789,,127.0509675,37.0401502
고덕메디칼약국,"경기도 평택시 고덕면 동청1길 35, 102호",031-611-0137,,127.006249,37.0550184
고덕미소약국,"경기도 평택시 고덕로 246, 102호 (고덕동)",,,127.0278885,37.0359967
고덕스타약국,"경기도 평택시 고덕국제대로 77, 301동 b1113호 (고덕동, 힐스테이트 고덕 센트럴)",,,127.041903,37.0443655
고덕우리약국,"경기도 평택시 고덕중앙로 200-4, 우성고덕타워 118호 (고덕동)",031-611-0662,,127.0442098,37.0477733
고덕중앙약국,"경기도 평택시 고덕면 궁2길 67, 103호",031-667-0116,,127.0343905,37.0180474
고려사약국,"경기도 평택시 중앙2로 25, (평택동)",618-7143,,127.0898733,36.9917536
고유약국,"경기도 평택시 평택로 51, 평택민자역사 (평택동)",,,127.0846944,36.9909191
고현약국,"경기도 오산시 남부대로 411-12, 주광프라자 104호 (고현동)",031-663-3210,,127.0820253,37.1358393
공단약국,"경기도 평택시 포승읍 평택항로 180, 한샘빌딩 1층 103,104호",031-683-3567,,126.8432367,36.9749658
공도강약국,"경기도 안성시 공도읍 공도로 80, (공도읍)",031-618-1963,,127.1700036,36.999303
공도바른약국,"경기도 안성시 공도읍 공도로 116-16, 101호",031-653-0755,,127.1731197,36.9992996
공도약국,"경기도 안성시 공도읍 공도로 83, 1층",031-657-1880,,127.170316,36.9998013
공도현대약국,"경기도 안성시 공도읍 승두길 60, (공도읍)",031-654-4613,,127.1728339,36.9998397
공룡약국,"경기도 평택시 안중읍 안현로서8길 57, 211호 (붐붐프라자)",031-684-0511,,126.9194166,36.9790824
공진한약국,"경기도 오산시 수청로 13, 상가동 101호 (수청동, 호반 써밋 라테라스)",031-378-6552,,127.0562482,37.171794
광동약국,"경기도 안성시 공도읍 진사길 23, 29호 (광동아이비타운)",070-7782-7575,,127.1390034,36.9922747
광명약국,"경기도 안성시 장기로 40, 1층 (인지동)",031-675-4460,,127.2676157,37.0056074
광장약국,"경기도 오산시 대원로 2, (원동)",031-375-8747,,127.068693,37.1462902
광혜당약국,"경기도 평택시 안중읍 안현로 429, 서경빌딩 1층",031-684-0123,,126.9316706,36.9881472
구생당약국,"경기도 평택시 탄현로327번길 4-1, (신장동)",031-664-9752,,127.0557509,37.0816349
구세약국,"경기도 평택시 중앙로 162, (합정동)",031-655-2253,,127.1010217,36.9919399
국민약국,"경기도 평택시 탄현로 320, (지산동)",031-667-7381,,127.0558676,37.0808352
국민약국,"경기도 안성시 원곡면 청원로 1892-3, (원곡면)",031-652-3434,,127.1268382,37.0350725
굿모닝 약국,"경기도 안성시 중앙로 368, 모아빌딩 (석정동)",031-677-9733,,127.2676156,37.0077318
굿모닝팜약국,"경기도 평택시 조개터로48번길 35, (합정동)",031-656-9528,,127.1046863,36.9907575
그린약국,"경기도 오산시 오산로 235, 이효리빌딩 101-1호 (오산동)",031-831-5678,,127.0682606,37.1479851
그린약국,"경기도 평택시 중앙2로 15, 1층 (평택동)",031-647-0183,,127.0888129,36.9918583
기린약국,"경기도 안성시 중앙로 370, 307호 (석정동)",031-675-2825,,127.2678542,37.0076411
기분좋은온누리약국,"경기도 평택시 고덕중앙2로 39, 고은메디타워 1층 108,109호 (고덕동)",031-647-6803,,127.0402869,37.0451903
기쁨약국,"경기도 안성시 일죽면 주래본죽로 20, (일죽면)",031-674-1366,,127.476723,37.093891
기쁨약국,"경기도 오산시 오산로 349, 죽산빌딩 1층 (궐동)",031-378-3893,,127.0668691,37.157871
꽃피는약국,"경기도 평택시 송탄로40번길 79-16, 103호 (이충동)",031-665-3213,,127.0573059,37.0520932
나라약국,"경기도 평택시 평택로32번길 21, (평택동)",031-618-6647,,127.0887825,36.9912767
나래약국,"경기도 평택시 중앙로 66, (평택동)",031-656-9277,,127.0904677,36.9938613
나무약국,"경기도 평택시 평택5로20번길 38, (합정동)",031-652-0671,,127.1138885,36.9899572
나음약국,"경기도 평택시 중앙로 270, 1층 101호 (합정동)",031-657-5002,,127.1126819,36.9898922
남촌약국,"경기도 오산시 성호대로 35, (오산동)",031-374-5230,,127.0651781,37.1494455
녹십자약국,"경기도 평택시 탄현로 322, (지산동)",031-666-7289,,127.0560556,37.0809773
농민약국,"경기도 평택시 안중읍 안현로 421, (안중읍)",031-684-0445,,126.9313702,36.9875239
뉴그린약국,"경기도 평택시 중앙로 120, (합정동)",031-658-7590,,127.0962979,36.9929187
느티나무약국,"경기도 평택시 원평로25번길 61-1, 301호 (군문동)",031-655-8198,,127.0830081,36.9861893
늘봄약국,"경기도 평택시 오좌동길 9, (독곡동)",031-664-1046,,127.0632981,37.0878547
늘푸른약국,"경기도 평택시 송탄로371번길 14, (지산동)",031-665-0805,,127.0569619,37.0768457
늘푸른약국,"경기도 안성시 대학로 65, (당왕동)",672-2739,,127.2662499,37.0142501
늘푸른온누리약국,"경기도 평택시 지제동삭2로 181-26, Adriamedi Tower 1층 2호 (동삭동)",031-653-8878,,127.09411,37.017183
늘푸른온누리약국,"경기도 오산시 경기대로 155, 108,109,110호 (원동, 신한프라자A)",031-376-4601,,127.0731132,37.1386476
다나약국,"경기도 오산시 오산로 70, (갈곶동)",031-374-2878,,127.069269,37.132941
다나약국,"경기도 평택시 중앙로 148, (합정동)",031-652-8102,,127.0993323,36.9923029
다나약국,"경기도 평택시 지산로 70, 1층 101호 (지산동, 부천프라자)",031-611-8009,,127.0623914,37.0798033
다나약국,"경기도 안성시 아양1로 61, 폴리프라자 1층 110호 (옥산동)",,,127.259358,37.0076238
다사랑온누리약국,"경기도 오산시 발안로 1367, 103호 (누읍동)",070-7724-6865,,127.0478531,37.1422755
다솜약국,"경기도 평택시 중앙로 176, 2층 223호 (합정동, 평택합정 SK VIEW 주상복합)",031-618-9407,,127.102363,36.9915502
다온수약국,"경기도 평택시 용죽3로 18, 다온빌딩 102호 (용이동)",031-8094-1005,,127.1256329,36.9935529
대성약국,"경기도 평택시 안중읍 안중로 124-1, (안중읍)",031-682-5564,,126.9303118,36.9886036
대원약국,"경기도 오산시 오산로 300, (오산동)",031-374-4443,,127.0688435,37.1537549
대학로약국,"경기도 평택시 평택로 282, (세교동)",031-691-9876,,127.073405,37.0083577
더샵온누리약국,"경기도 오산시 내삼미로 83, 센타프라자 107호 (수청동)",031-377-8007,,127.0660073,37.1696464
더조은약국,"경기도 평택시 포승읍 포승산단로13번길 37-23, 1층 103호",,,126.8543626,36.9625817
도담약국,"경기도 평택시 동삭1로22번길 19-15, (동삭동)",031-655-2021,,127.0932929,37.020374
도담약국,"경기도 오산시 세마문학로 50, 상가동 127호 (지곶동, e편한세상)",031-373-5852,,127.0278577,37.1683157
도담온누리약국,"경기도 평택시 고덕국제대로 94, 우성고덕타워2 106호 (고덕동)",,,127.0442027,37.045272
도토리약국,"경기도 평택시 원평로105번길 42, 104호 (통복동)",031-647-0161,,127.0780499,36.993407
동대문약국,"경기도 평택시 중앙로 335, 상가동 1층 101호, 지층 2,3,4호 (비전동, 벽산아파트)",031-652-6921,,127.1197515,36.9919827
동삭센트럴약국,"경기도 평택시 동삭1로22번길 19-21, 동삭프라자 102호 (동삭동)",031-692-0667,,127.0932609,37.0208985
동산약국,"경기도 오산시 내삼미로79번길 11, 206호 (수청동)",031-378-0948,,127.065276,37.1690388
동산약국,"경기도 평택시 팽성읍 팽성로 92, 나동 1층",031-655-2374,,127.0518945,36.9451086
동서약국,"경기도 평택시 통복로 45-1, 1층 (통복동)",031-655-6252,,127.0831144,36.9962101
두레약국,"경기도 오산시 운암로 91, 상가동 103호 (오산동)",031-377-8264,,127.0772713,37.1544824
드림약국,"경기도 평택시 비전5로 3, (비전동)",031-654-2164,,127.111611,36.9999179
뜨란약국,"경기도 평택시 이충로35번길 22, 106호 (이충동, 뜨란프라자)",031-665-9669,,127.0667461,37.0598138
라라약국,"경기도 안성시 공도읍 서동대로 4061, 101호",031-651-0215,,127.1572866,36.9981743
라온약국,"경기도 오산시 수청로 188, (금암동, 롯데슈퍼)",031-377-3603,,127.0457071,37.1773828
로데오약국,"경기도 평택시 평택로 78, 1층 (평택동)",031-658-1323,,127.0850712,36.9939845
마더스약국,"경기도 오산시 경기대로 181, (원동)",031-378-1638,,127.072714,37.140662
마트종로약국,"경기도 평택시 영신로 29, (지제동, 이마트내)",031-651-9631,,127.0755819,37.0210908
만세로약국,"경기도 안성시 원곡면 만세로 1218, (원곡면)",031-655-1855,,127.1476699,37.0412915
맑은미소약국,"경기도 평택시 함박산9길 3, 1층 103호 (고덕동)",031-662-3995,,127.0314485,37.0392485
맑은약국,"경기도 평택시 비전5로 20-26, 로데오1103더테라스 129호 (비전동)",031-652-5335,,127.1146146,36.9988462
메디슨약국,"경기도 오산시 경기대로 174, 106호 (원동, 다모아프라자)",031-378-3004,,127.0737962,37.1402822
메디칼 세계로 약국,"경기도 평택시 중앙로 11, (통복동)",657-8078,,127.0846616,36.9955494
메디칼보룡약국,"경기도 안성시 중앙로 370, 1층 101,102호 (석정동, 하평플리스 )",031-672-1306,,127.2678542,37.0076411
메디컬참약국,"경기도 평택시 안중읍 안현로 300, 안중 매디컬타워 104호",,,126.9253762,36.9777793
메디팜 두리약국,"경기도 안성시 중앙로371번길 13, (석정동)",031-676-3373,,127.2683222,37.0083893
메디팜고운손약국,"경기도 평택시 중앙로 335, 상가동 111,112,208호 (비전동, 벽산아파트)",031-657-7585,,127.1197515,36.9919827
메디팜신광약국,"경기도 평택시 탄현로 321-1, (신장동)",031-666-2238,,127.055607,37.0811708
명문약국,"경기도 오산시 궐리사로 37, (궐동)",031-378-1646,,127.0566888,37.1603723
명성약국,"경기도 평택시 관광특구로 19, 3층 307호 (서정동)",031-611-2732,,127.0609138,37.0672656
명약국,"경기도 오산시 대원로 3, (오산동)",031-378-6669,,127.0688496,37.1465956
명약국,"경기도 평택시 비전5로 11, 4층 403호 (비전동)",031-691-3171,,127.1126122,37.0001234
모닝약국,"경기도 평택시 소사2길 4, 1층 (소사동)",031-652-3339,,127.1214909,36.9899128
모범약국,"경기도 오산시 성호대로 121, 305호 (오산동, 월드타워)",031-373-7963,,127.0748375,37.1490571
모산골약국,"경기도 평택시 지제동삭2로 181-24, 1층 107호 (동삭동)",031-651-5029,,127.0938348,37.0168778
미루나무 약국,"경기도 평택시 통복로37번길 5, (통복동)",031-8094-2077,,127.0828136,36.9953403
미소약국,"경기도 오산시 대원로 34, (원동)",031-375-4798,,127.0722141,37.1461261
미소약국,"경기도 안성시 죽산면 죽주로 271, (죽산면)",676-0711,,127.4251495,37.0759018
미소약국,"경기도 평택시 평택2로 6, (평택동)",031-657-2654,,127.0875488,36.9921415
미소짓는약국,"경기도 평택시 동삭로 384, 동화메디컬 1층 (동삭동)",031-692-2505,,127.0968218,37.0201866
미양성심약국,"경기도 안성시 미양면 안성맞춤대로 409, (미양면)",031-677-6174,,127.2443354,36.9585264
민들레약국,"경기도 평택시 포승읍 여술2길 22, (포승읍)",031-681-5177,,126.8456044,36.9874816
민중약국,"경기도 평택시 평택로 102, (통복동)",031-655-2870,,127.0834957,36.995878
믿음약국,"경기도 오산시 경기대로 154, 패션폴라리스 119호 (원동)",,,127.0738662,37.1384985
바다약국,"경기도 안성시 중앙로 358, 1층 (석정동)",031-671-0131,,127.2664684,37.0080068
바다약국,"경기도 평택시 평택로 41, (평택동)",031-655-9032,,127.087098,36.9911233
바로E약국,"경기도 평택시 탄현로371번길 55, 102, 103호 (신장동)",,,127.0598299,37.0872955
바른손약국,"경기도 안성시 금산길 10, (연지동)",031-675-7582,,127.2708878,37.0114209
바른손약국,"경기도 평택시 팽성읍 안정쇼핑로 42, (팽성읍)",031-691-1228,,127.0468138,36.9613202
바른약국,"경기도 평택시 평택2로20번길 14, 1층 (평택동)",031-653-2002,,127.0890029,36.9924728
바른약국,"경기도 오산시 오산로 224-1, (오산동)",031-377-8522,,127.0686952,37.1469335
바른약국,"경기도 안성시 공도읍 진건중길 13, 1층",031-651-5505,,127.1424575,36.9942535
바른정약국,"경기도 평택시 중앙로 29, (통복동)",031-655-5107,,127.0863966,36.9953196
백제당약국,"경기도 평택시 안중읍 안현로서6길 10, 101호 (대원빌딩)",031-682-2115,,126.9281158,36.9837737
백화점약국,"경기도 평택시 안중읍 안현로서2길 14, (안중읍)",031-682-1717,,126.9302699,36.9883403
벚꽃약국,"경기도 오산시 궐리사로 41, 보성학원 1층 (궐동)",031-377-9775,,127.0572393,37.1602511
베스트약국,"경기도 오산시 발안로 1356-3, (누읍동)",031-377-1812,,127.0476608,37.1410774
별빛약국,"경기도 평택시 지제동삭1로 41, 130동 2층 33호 (지제동, 지제역 더샵 센트럴시티)",031-616-4412,,127.0727276,37.0209548
별약국,"경기도 평택시 고덕국제5로 145, 106호 (고덕동)",031-647-0745,,127.0257893,37.0344178
보개약국,"경기도 안성시 보개면 보개원삼로 257, (보개면)",031-675-7178,,127.2883685,37.0262628
보건약국,"경기도 평택시 탄현로 287, (신장동, (신장동 227))",031-666-3948,,127.0550211,37.0781404
보광온누리약국,"경기도 오산시 오산로 209, (오산동)",031-373-1729,,127.0681826,37.1454049
보름달약국,"경기도 오산시 경기대로 178, 비전탑 1동 305호 (원동)",031-372-7566,,127.073913,37.140645
봄날약국,"경기도 평택시 영신2길 87, 영신빌딩 104호 (세교동)",,,127.0827592,37.0201637
봄날약국,"경기도 오산시 궐리사로 34, 백충빌딩 102호 (궐동)",031-378-5206,,127.05624,37.1600667
봄봄약국,"경기도 평택시 비전5로 20-18, 가로수빌딩 105호 (비전동)",031-618-3927,,127.1135773,36.9988773
봄봄온누리약국,"경기도 평택시 중앙로 96, 101, 102호 (합정동)",031-654-1377,,127.0937097,36.9934259
봄빛약국,"경기도 오산시 수청로 193, 302호 (금암동, P&P세교프라자 )",031-372-3666,,127.0455185,37.1766517
봄빛약국,"경기도 평택시 소사5길 24, 202호 (소사동)",031-651-0524,,127.1269742,36.9905311
봄약국,"경기도 안성시 중앙로 388, (서인동)",671-0799,,127.2699228,37.0072996
봄약국,"경기도 평택시 안중읍 안현로서8길 57, 붐붐프라자 3층 305호",,,126.9194166,36.9790824
부영약국,"경기도 평택시 세교공원로 66, 101호 (세교동, 부영아파트상가1동)",031-651-3083,,127.0852822,37.0035948
비전미소약국,"경기도 평택시 비전5로 37, 102호 (비전동)",031-651-9166,,127.1147039,37.0016056
비전상상약국,"경기도 평택시 비전4로 142, 110-111호 (비전동)",031-8094-1485,,127.107209,37.008783
비전약국,"경기도 평택시 평남로 937, (비전동, 폴리프라자)",031-653-1774,,127.104453,37.0043914
비전중앙약국,"경기도 평택시 비전5로 16, 프라우빌딩 1층 111-나호 (비전동)",031-657-7888,,127.1132563,36.999843
비전하늘약국,"경기도 평택시 평남로 941, (비전동, 우성메디피아)",031-655-2481,,127.1041729,37.0046213
비타민약국,"경기도 평택시 평택2로20번길 31, (평택동)",031-657-7602,,127.089913,36.9919406
사랑드림약국,"경기도 오산시 경기대로 153, 신한프라자B 111호 (원동)",031-8055-8324,,127.0731103,37.1383191
사랑약국,"경기도 오산시 오산로 79, 106호 (갈곶동)",031-375-6535,,127.0688353,37.133978
사랑약국,"경기도 평택시 추담로 58-78, 상가2동 104호 (장안동, 평택장안마을코오롱하늘채)",031-667-3668,,127.0790469,37.0590566
사랑약국,"경기도 안성시 중앙로 378, (서인동)",031-674-9920,,127.2687647,37.0075611
사랑의약국,"경기도 평택시 용죽2로 32-44, 리더스타워 102호 (용이동)",031-653-2948,,127.1255199,36.9924366
산들약국,"경기도 평택시 안중읍 안중로 141, 102호",,,126.9320453,36.9891289
삼동약국,"경기도 평택시 삼성로 90, 사무2동 1층 (고덕동)",031-6192-0310,,127.0553789,37.0337505
삼보약국,"경기도 평택시 진위면 진위서로 2, 1층 102호",031-662-8875,,127.0639218,37.1092492
삼성메디컬약국,"경기도 평택시 고덕갈평6길 29, 109,110호 (고덕동)",031-665-6463,,127.0474399,37.0573027
삼성약국,"경기도 오산시 북삼미로 183-6, 1층 (외삼미동)",031-8077-2348,,127.0610862,37.1920879
삼성약국,"경기도 평택시 중앙로 335, 1,2층 103,104,203호 (비전동, 벽산아파트)",657-0311,,127.1197515,36.9919827
삼성약국,"경기도 안성시 삼죽면 삼백로 8, 8",674-8856,,127.3757002,37.0748088
삼성약국,"경기도 평택시 관광특구로 37, (서정동)",031-664-5553,,127.0630281,37.0670743
삼성중앙약국,"경기도 안성시 원곡면 만세로 1069, (원곡면)",031-691-6174,,127.1599151,37.0497304
상록수 약국,"경기도 평택시 서정역로 42, (서정동)",031-665-6119,,127.0557849,37.0579367
새봄약국,"경기도 오산시 수목원로 606, 오산세교CL타워 125호 (세교동)",031-377-1514,,127.0422336,37.185912
새봄약국,"경기도 평택시 서정역로26번길 7-10, (이충동)",031-664-8978,,127.0563534,37.0567321
새서울약국,"경기도 평택시 평택2로20번길 15, (평택동)",031-618-2533,,127.0894196,36.9926299
새시장약국,"경기도 평택시 지산로 60, (지산동)",031-665-3921,,127.0616764,37.0796075
새안성약국,"경기도 안성시 시장길 58, 희망빌딩 1층 101호 (서인동)",674-7585,,127.2709213,37.0062179
새은하약국,"경기도 안성시 고수2로 45, (당왕동)",031-673-1237,,127.2588428,37.0171305
새희망약국,"경기도 평택시 서정역로26번길 3, 대성빌딩 1층 (서정동)",031-667-0955,,127.0559312,37.056473
서울무지개약국,"경기도 오산시 경기대로 209, (원동)",031-378-7937,,127.0731005,37.1434245
서울약국,"경기도 평택시 안중읍 안중로 133, (안중읍)",031-681-6006,,126.9313608,36.9889927
서울약국,"경기도 안성시 안성맞춤대로 1052, 우측호 (서인동)",031-675-2236,,127.2696818,37.007294
서인약국,"경기도 안성시 시장길 58, 안성성모병원 (서인동)",031-676-2022,,127.2709213,37.0062179
서재중앙약국,"경기도 평택시 서재로 2, 101호 (동삭동, 한주빌딩)",031-652-9982,,127.0988015,37.0098798
서정굿모닝약국,"경기도 평택시 서정역로36번길 10, (서정동)",031-611-7572,,127.056471,37.0573869
서정리오렌지약국,"경기도 평택시 탄현로 48, 1층 2호 (서정동)",031-611-7539,,127.0538737,37.0568394
서정부부약국,"경기도 평택시 서정역로 48, 1층 (서정동)",031-668-2541,,127.0553465,37.0583053
서정약국,"경기도 평택시 고덕로3길 27, 1층 107호 (고덕동)",,,127.0263345,37.0381535
서정온누리약국,"경기도 평택시 탄현로 58, 103호 (서정동)",031-611-6538,,127.0539603,37.0576314
서평택약국,"경기도 평택시 포승읍 포승향남로 148, 148",031-684-9964,,126.866432,36.9876686
성림약국,"경기도 안성시 일죽면 금일로 465-8, (일죽면)",031-672-5328,,127.4781401,37.0933894
성모약국,"경기도 안성시 중앙로400번길 34, 1층 (서인동)",031-675-9200,,127.2709844,37.0057852
성모약국,"경기도 평택시 경기대로 269, (비전동, 103호)",031-618-3020,,127.1129861,36.9947285
성신약국,"경기도 평택시 신장로 28, (신장동)",031-666-3158,,127.0517691,37.0793633
성심약국,"경기도 평택시 중앙2로 1, (평택동)",031-656-5096,,127.0872333,36.9919884
성심온누리약국,"경기도 오산시 성호대로 78, 1층 (오산동, 성심약국)",031-373-2906,,127.0699317,37.1487558
성은백세약국,"경기도 안성시 원곡면 지문로 525, (원곡면)",031-654-0403,,127.1570842,37.0736161
세계로약국,"경기도 평택시 고덕여염7길 21, (고덕동)",,,127.04738,37.0382884
세계로약국,"경기도 안성시 죽산면 죽주로 283, 106호 (훼밀리타운)",676-9688,,127.4263721,37.0763698
세교 봄약국,"경기도 평택시 세교7길 52, SJ빌딩 1층 102호 (세교동)",031-691-0911,,127.0894784,37.0064669
세교까치약국,"경기도 오산시 고을1길 36, 103호 (누읍동)",031-376-0711,,127.0545831,37.1443523
세교마루약국,"경기도 오산시 죽담3로 6, 제1동 107호 (궐동)",031-378-5368,,127.0504457,37.1636863
세교바른약국,"경기도 오산시 오산대역로 214, 1층 108호 (수청동)",031-373-0844,,127.0655846,37.1708567
세교약국,"경기도 평택시 세교7길 30, 101호 (세교동)",031-618-5572,,127.088213,37.0043551
세교엘약국,"경기도 오산시 내삼미로79번길 19, 102,103호 (수청동)",031-376-8997,,127.0643748,37.1694653
세교오약국,"경기도 오산시 초평중앙로 127-4, 104호 (가수동)",031-374-2905,,127.0476779,37.1437971
세교온누리약국,"경기도 오산시 수청로 189, 106,107호 (금암동, 웅신아트프라자)",031-377-4862,,127.0459084,37.1768205
세교중앙약국,"경기도 오산시 수목원로 458, (금암동)",031-376-8570,,127.0505166,37.1747417
세림약국,"경기도 평택시 송탄로 272, (서정동)",031-611-6141,,127.0591921,37.0679808
세마약국,"경기도 오산시 수목원로 618, 1층 106호 (세교동)",031-376-3494,,127.0413891,37.1867804
세명약국,"경기도 안성시 중앙로 312, (석정동)",031-672-7900,,127.2623222,37.0102862
세명약국,"경기도 평택시 서탄면 발안로 1226, 1226",031-376-9797,,127.0359168,37.1361977
세민약국,"경기도 평택시 탄현로 335, 1층 (신장동)",031-611-7378,,127.0563204,37.0821549
센느약국,"경기도 오산시 수목원로 466, 1층 104호 (금암동)",031-376-4569,,127.0499884,37.1752733
센타약국,"경기도 평택시 이충로35번길 20-9, 이충센타프라자 (이충동)",031-667-5075,,127.0664844,37.0603587
센타약국,"경기도 오산시 성호대로 122, (원동, 메디칼프라자)",031-372-5131,,127.0748084,37.1485109
소라약국,"경기도 평택시 탄현로 340, (지산동)",031-611-7104,,127.0570897,37.0823031
소명약국,"경기도 오산시 한신대길 117, 소명빌딩 (양산동)",378-5999,,127.0234225,37.1964025
소사벌온누리약국,"경기도 평택시 비전4로 47, (비전동)",031-692-1236,,127.1145754,37.0024639
솔약국,"경기도 오산시 동부대로 355, 1층 (고현동)",031-378-7582,,127.0778859,37.1337775
솔약국,"경기도 평택시 비전3로 25, 골든프라자 102호 (비전동)",031-618-9588,,127.1047915,37.0024282
솔약국,"경기도 안성시 양성면 명삼길 6, 가동",031-523-9420,,127.1899363,37.040903
송북약국,"경기도 평택시 탄현로 334, 1층 (지산동)",,,127.0565304,37.0818636
송탄드림약국,"경기도 평택시 지산로 64, 1층 (지산동)",031-667-8486,,127.0620647,37.0797134
송탄메디칼약국,"경기도 평택시 탄현로327번길 8, 1층 (신장동)",,,127.0555174,37.0815581
송탄시장약국,"경기도 평택시 서정역로 22, (서정동)",031-667-0634,,127.0558206,37.0560657
송탄온누리약국,"경기도 평택시  서정북로 71, (서정동)",031-662-1102,,127.0574226,37.0708313
송탄우리약국,"경기도 평택시 경기대로 1365, 1층 (서정동, 한양빌딩)",031-662-8157,,127.0636646,37.0670039
송탄종합약국,"경기도 평택시 탄현로 330, (지산동)",031-662-3690,,127.0563693,37.0815832
송탄하늘약국,"경기도 평택시 송탄로 410, 1층 (지산동)",031-666-5873,,127.0580869,37.0801474
송탄효자약국,"경기도 평택시 탄현로 317, (신장동)",031-666-5449,,127.0552674,37.0807577
수약국,"경기도 평택시 탄현로327번길 6, (신장동)",031-668-0292,,127.0556849,37.0816034
수약국,"경기도 평택시 안중읍 안현로서8길 23, 1층 (동흥빌딩)",031-684-8181,,126.9227679,36.9790704
수온누리약국,"경기도 안성시 공도읍 공도4로 3, 105호 (우성메디컬)",031-652-0360,,127.1720768,37.0004876
수정약국,"경기도 평택시 팽성읍 안정쇼핑로 36, (팽성읍)",031-691-8168,,127.0462571,36.9608523
수호온누리약국,"경기도 평택시 중앙2로 16, 104호 (평택동)",031-618-5440,,127.0886221,36.9914681
스마일약국,"경기도 오산시 독산성로362번길 6-13, 201호 (세교동)",031-248-6742,,127.0356445,37.1836461
스마일약국,"경기도 평택시 송탄로 33, (장당동, 굿스파인병원)",031-611-3102,,127.0570008,37.0482657
스타약국,"경기도 평택시 관광특구로 41, 1층 (서정동)",031-663-6558,,127.0634225,37.0670089
스타약국,"경기도 평택시 포승읍 여술로 20, 평택스타타워 107,108호",031-684-2024,,126.8447486,36.9877168
슬기로운약국,"경기도 평택시 고덕갈평5길 32, 그랜드메디컬타워 1층 110,111호 (고덕동)",031-8676-0761,,127.0474102,37.0565574
슬림라이프약국,"경기도 평택시 모산영신1길 45, 1층 (동삭동)",031-655-5956,,127.088876,37.0199577
시네마약국,"경기도 평택시 관광특구로 19, 1층 (서정동)",031-663-0349,,127.0609138,37.0672656
시드니약국,"경기도 평택시 탄현1로 160, 102호 (신장동)",031-611-1666,,127.0538997,37.0741818
시민약국,"경기도 평택시 중앙1로56번길 22-10, (비전동)",031-652-8422,,127.0882828,36.9967454
시범약국,"경기도 오산시 오산로 214, (원동, 시범약국)",031-373-3443,,127.0686558,37.1459635
시온약국,"경기도 오산시 청학로173번길 18, (수청동)",031-375-4715,,127.0620078,37.164166
시장약국,"경기도 오산시 성호새싹길 33, (오산동)",031-373-7780,,127.0701128,37.1519349
시장약국,"경기도 평택시 통복로 43, 1층 (통복동)",031-655-4500,,127.0830402,36.9959954
시티약국,"경기도 오산시 부산중앙로 25-6, 106,107호 (부산동)",031-375-0289,,127.0907427,37.1509103
신성약국,"경기도 평택시 탄현로 329, (신장동)",031-665-1177,,127.056013,37.0817101
신성온누리약국,"경기도 안성시 안성맞춤대로 1045, 1층 (서인동)",675-8786,,127.2691651,37.006787
신세기약국,"경기도 오산시 발안로 1355, 104,105호 (누읍동, 이림아파트상가동)",031-378-8052,,127.0472814,37.1415854
신종로약국,"경기도 오산시 운천로 76, 101호 (오산동, 한마음빌딩)",031-375-9633,,127.074778,37.1495428
신진약국,"경기도 평택시 팽성읍 안정로39번길 32, (팽성읍)",031-691-8145,,127.0470247,36.9611148
아나파약국,"경기도 평택시 탄현로 328, (지산동)",031-666-6337,,127.0562984,37.0815274
아름약국,"경기도 안성시 강변남로 22, (도기동)",031-672-4326,,127.2697333,37.0009435
아빠약국,"경기도 평택시 평택4로 69-1, (비전동)",031-654-5014,,127.1013168,36.9941905
아이본약국,"경기도 평택시 평택5로34번길 6-1, 1층 103호 (합정동)",031-647-6334,,127.1117581,36.9890624
아이사랑약국,"경기도 평택시 안중읍 안중로131번길 14-15, (안중읍)",031-686-6420,,126.9295846,36.9900749
아침약국,"경기도 평택시 탄현로336번길 10, (지산동)",031-668-8140,,127.0568371,37.0816793
안성당약국,"경기도 안성시 미양면 양지길 25, (미양면)",031-674-5497,,127.2152997,36.9757041
안성마트약국,"경기도 안성시 중앙로 246, 3호 (석정동, 이마트)",031-674-5978,,127.2559091,37.0127616
안성바른약국,"경기도 안성시 장기로45번길 22-3, 1층 (서인동)",031-671-2625,,127.2686595,37.0061825
안성보룡약국,"경기도 안성시 중앙로 371, (석정동)",031-677-0904,,127.2681234,37.007969
안성스타약국,"경기도 안성시 공도읍 서동대로 3930-39, 스타필드 안성 L1층 1143호",031-8092-1415,,127.1473035,36.9945212
안성시장약국,"경기도 안성시 장기로 35, (인지동)",031-676-5808,,127.2676736,37.0061052
안성오룡약국,"경기도 안성시 중앙로382번길 22, (서인동)",031-673-3156,,127.2682191,37.0072482
안성온누리약국,"경기도 안성시 중앙로 374, 104, 105, 106호 (서인동)",031-675-8882,,127.2683648,37.0075246
안성종로약국,"경기도 안성시 중앙로382번길 15, 1층 (서인동)",031-675-7788,,127.2686374,37.0070819
안성프라자약국,"경기도 안성시 아양1로 77-25, 108,109호 (옥산동)",031-675-6756,,127.2584884,37.0070874
안정약국,"경기도 평택시 팽성읍 안정쇼핑로 37-1, 1층 101호",031-691-1981,,127.0462214,36.9612273
안중늘푸른약국,"경기도 평택시 안중읍 안현로서6길 44, (안중읍)",031-683-8476,,126.9247467,36.9848019
안중온누리약국,"경기도 평택시 안중읍 안중로 139, (안중읍)",031-681-3930,,126.9318479,36.9890931
안중조약국,"경기도 평택시 안중읍 안중로 130-2, (안중읍)",031-682-2245,,126.9309073,36.9886441
약손온누리약국,"경기도 안성시 중앙로 397-1, (대천동)",031-674-8729,,127.2710043,37.0074384
약수약국,"경기도 평택시 송탄로 413, (지산동)",031-664-5107,,127.0576414,37.0806517
언제나 봄약국,"경기도 오산시 문시로 183-4, 1층 112호 (외삼미동)",031-377-4535,,127.0673341,37.1907964
에덴약국,"경기도 평택시 안중읍 안현로서2길 20, (안중읍)",031-682-6997,,126.92971,36.9882624
에브리데이항상약국,"경기도 평택시 평남로 951, 디에이치빌딩 1동 1층 103호 (비전동)",031-657-1325,,127.1034104,37.0052676
연약국,"경기도 평택시 평택5로 63, 상가동 1층 101-4호 (비전동, 동성효성아파트)",031-656-5559,,127.1101784,36.9916747
연희약국,"경기도 평택시 중앙로 105, (비전동)",031-651-9136,,127.0948885,36.9935991
열린 온누리약국,"경기도 오산시 원당로 22, 1층 106호 (원동)",031-8043-4451,,127.0925856,37.1410596
열린약국,"경기도 평택시 서동대로 3879, 1층 103호 (용이동)",031-692-3723,,127.1378517,36.9942774
열린약국,"경기도 오산시 오산로 206, 104호 (원동, 정화프라자)",031-377-1217,,127.0686848,37.1452005
열린온누리약국,"경기도 평택시 상서재로 55, 근생1동 4호 (동삭동, 평택센트럴자이 3단지)",031-655-2900,,127.1006734,37.0214999
영생약국,"경기도 안성시 공도읍 서동대로 4079, (주은풍림상가 A동 101, 102호)",031-651-8276,,127.1589156,36.9991703
영진약국,"경기도 평택시 평택1로 4, (평택동)",031-618-8100,,127.0870848,36.9923655
예그리나 약국,"경기도 평택시 신촌2로 22, 맘스스퀘어 B동 3층 305호 (칠원동)",031-663-2924,,127.1040567,37.0260471
예일약국,"경기도 오산시 양산로410번길 12, 104호 (양산동, 엠스퀘어)",031-374-0986,,127.0301703,37.1953895
오렌지약국,"경기도 안성시 남파로 73-3, (신소현동)",031-673-5855,,127.2579454,37.0163788
오렌지약국,"경기도 평택시 평남로 722, (비전동)",031-658-8409,,127.1143662,36.9943015
오로라약국,"경기도 평택시 상서재로 50, 416동 120호 (동삭동, 평택센트럴자이 4단지)",,,127.1020213,37.019104
오산맑음약국,"경기도 오산시 내삼미로79번길 23, 111호 (수청동)",,,127.0643121,37.169778
오산비타민약국,"경기도 오산시 대원로 8, (원동)",031-375-2249,,127.0691658,37.1462949
오산온누리약국,"경기도 오산시 경기대로 271, (오산동, 롯데마트)",031-376-1865,,127.0730466,37.1494459
오산중앙약국,"경기도 오산시 성호대로 113, (오산동)",031-372-5520,,127.0739647,37.1489884
오색약국,"경기도 오산시 오산로 244, 101호 (오산동)",070-8676-1778,,127.0686766,37.1486574
오성당약국,"경기도 평택시 오성면 숙성시장길 34-1, (오성면)",031-681-3638,,126.9816987,37.0075354
오약국,"경기도 평택시 관광특구로 25, (서정동)",031-666-3002,,127.0618176,37.0671232
온누리수정약국,"경기도 평택시 중앙시장로20번길 20, (신장동)",031-666-2060,,127.053,37.0793018
온누리영진약국,"경기도 평택시 송탄로 220, 1층 (서정동)",031-667-8603,,127.058525,37.0634015
온누리우주약국,"경기도 안성시 공도읍 진사길 40, 113호",031-651-7997,,127.1396219,36.9908926
온누리장수약국,"경기도 안성시 중앙로 370, (석정동)",031-672-4615,,127.2678542,37.0076411
온누리조약국,"경기도 오산시 오산로278번길 17, (오산동)",031-373-0373,,127.0704208,37.1518202
온세약국,"경기도 평택시 탄현로 341, (신장동)",031-662-1171,,127.0565695,37.0826992
온정약국,"경기도 평택시 평택5로 191, 온정약국 1층 (비전동)",031-654-6781,,127.1028147,36.9964689
옹달샘약국,"경기도 평택시 청북읍 청북남로 260, (청북읍)",070-7761-9713,,126.9153185,37.0196313
왕약국,"경기도 안성시 중앙로 393, (대천동)",031-677-9850,,127.2705553,37.0075108
용이푸른약국,"경기도 평택시 현신3길 76, 701동 101호 (용이동, 평택 용이2차 푸르지오)",031-691-5121,,127.1426227,36.9975316
우리가족건강온누리약국,"경기도 오산시 경기대로 189, 104,105호 (원동, 메딕프라자)",031-377-6161,,127.0730417,37.1417861
우리동네현대약국,"경기도 평택시 세교6로 45, 상가동 205호 (세교동, 힐스테이트 평택2차)",031-8094-0110,,127.0866453,37.0102104
우리동네효자약국,"경기도 평택시 청북읍 청북남로 254, 112호",031-684-5787,,126.91594,37.0196679
우리들약국,"경기도 오산시 경기대로 154, 111호 (원동, 패션폴라리스)",031-372-6377,,127.0738662,37.1384985
우리약국,"경기도 평택시 평택1로 41, (통복동)",031-653-7666,,127.087617,36.9956817
우리온누리약국,"경기도 안성시 공도읍 서동대로 4079, 2층 1,2호 (주은풍림아파트)",031-654-5257,,127.1589156,36.9991703
우리팜약국,"경기도 오산시 경기대로 178, 114호 (원동, 비전탑)",031-374-7006,,127.073913,37.140645
우미약국,"경기도 평택시 송탄로 260, 2층 (서정동)",031-663-4598,,127.0589169,37.0667897
우성탑약국,"경기도 평택시 고덕중앙로 218, 1층 113.114호 (고덕동)",031-667-0528,,127.0449637,37.0478984
웃음짓는약국,"경기도 안성시 중앙2길 10, 1층 (대천동)",031-674-2847,,127.2701948,37.0082627
원약국,"경기도 오산시 수청로 201, 105호 (금암동, 센타프라자)",070-4038-2706,,127.0445545,37.1763951
유명약국,"경기도 평택시 세교상가1길 3, (세교동)",031-655-7925,,127.0795149,37.0001441
유미약국,"경기도 평택시 지산로 62, (지산동)",031-666-2577,,127.06187,37.0796669
유약국,"경기도 평택시 팽성읍 부용로 27, 106호",031-651-5559,,127.058745,36.9632327
유일약국,"경기도 평택시 원평1로 30, (평택동)",031-658-6009,,127.083409,36.9894097
유일약국,"경기도 평택시 지산로 85, (독곡동, 우남빌딩)",031-666-1909,,127.0642576,37.0806276
윤온누리약국,"경기도 오산시 밀머리로1번길 12-6, (원동)",031-375-7100,,127.0748705,37.1410472
으뜸약국,"경기도 평택시 평택2로20번길 11, (평택동)",070-8836-0587,,127.0892373,36.9927707
은유약국,"경기도 안성시 공도읍 공도로 91, 103호 (성지프라자)",031-657-5673,,127.1710985,37.0001022
은혜약국,"경기도 안성시 양성면 만세로 608, (양성면)",031-672-9005,,127.1961617,37.0582875
이메디칼약국,"경기도 평택시 고덕로 250, 1층 109호 (고덕동)",031-663-1490,,127.0282882,37.0362879
이수약국,"경기도 평택시 송탄로40번길 67, (이충동)",031-611-6197,,127.0580286,37.0514022
이화약국,"경기도 안성시 죽산면 죽주로 226-1, (죽산면)",031-676-6031,,127.4206077,37.0739069
이화약국,"경기도 평택시 탄현로326번길 3, (지산동)",031-663-5911,,127.0561127,37.081243
인생약국,"경기도 안성시 죽산면 죽주로 256, (죽산면)",031-676-6053,,127.4237146,37.0750166
인영온누리약국,"경기도 평택시 평택2로20번길 4, (평택동)",031-655-0956,,127.0886264,36.9928926
인지약국,"경기도 안성시 안성맞춤대로 1024, 좌측호 (인지동)",031-674-2004,,127.2688406,37.0047869
인화당약국,"경기도 평택시 정암로 17, (서정동)",031-664-8818,,127.0556986,37.0572482
일등약국,"경기도 평택시 탄현로 333, (신장동)",031-668-9630,,127.0561296,37.0819618
일죽중앙약국,"경기도 안성시 일죽면 금일로 459-2, (일죽면)",,,127.4780878,37.0928805
일죽큰사랑약국,"경기도 안성시 일죽면 금일로 463, 우측호",,,127.4783373,37.0931015
자민약국,"경기도 오산시 내삼미로 93, 1층 108호 (수청동)",031-376-7558,,127.0657863,37.170536
자연약국,"경기도 평택시 비전5로 11, 102호 (비전동)",031-655-2421,,127.1126122,37.0001234
장당온누리약국,"경기도 평택시 청원로 1200, 1층 105호 (이충동, 금강프라자 )",031-668-7588,,127.0562925,37.0520272
정다운약국,"경기도 평택시 중앙로 8, (통복동)",031-652-4573,,127.0840157,36.9952215
정다운약국,"경기도 안성시 중앙로 370, 4층 (석정동, 하평플리스)",031-673-7286,,127.2678542,37.0076411
정문약국,"경기도 평택시 자유로3번길 20, (평택동)",070-4213-3287,,127.0894884,36.9929519
정약국,"경기도 평택시 관광특구로 38, (서정동)",031-667-3276,,127.0629415,37.0664367
제세온누리약국,"경기도 평택시 조개터로42번길 58, (합정동)",031-651-7714,,127.1058209,36.9901597
제일당약국,"경기도 안성시 중앙로400번길 19, (동본동)",031-674-1041,,127.2712781,37.0063861
제일약국,"경기도 안성시 공도읍 서동대로 4478, (롯데마트)",070-4409-5344,,127.1994978,37.0078386
제일큰약국,"경기도 평택시 고덕여염9길 13, SM타워 1층 105호 (고덕동)",,,127.0491453,37.0396992
조아약국,"경기도 평택시 평택4로 46, (합정동)",031-618-5540,,127.1009503,36.9918232
조은약국,"경기도 평택시 안중읍 안중로131번길 4, 도도와빌딩 1층",681-2137,,126.9311861,36.9890765
조은온누리약국,"경기도 안성시 아양로 73, 상가동 103호 (아양동, 안성서희스타힐스아파트)",031-673-9798,,127.2585061,37.0041673
조일약국,"경기도 평택시 평택로32번길 2, (평택동)",070-4200-6199,,127.0883499,36.990608
중앙메디칼약국,"경기도 평택시 포승읍 서동대로 786, (포승읍)",0507-1341-0640,,126.855878,36.9607424
중앙메디칼약국,"경기도 안성시 대덕면 대학9길 2, (대덕면)",031-675-0130,,127.2248997,37.0010706
중앙약국,"경기도 안성시 낙원길 37, (서인동)",031-675-2109,,127.2709401,37.0056038
중앙약국,"경기도 평택시 신장로 27, (신장동)",031-666-2971,,127.0515036,37.0790758
지산약국,"경기도 평택시 탄현로 300, (지산동)",031-611-7545,,127.0549571,37.0793878
지제약국,"경기도 평택시 영신2길 19, 103호 (세교동)",031-692-2993,,127.0834802,37.021366
지혜약국,"경기도 오산시 오산로62번길 2, (갈곶동)",031-375-9882,,127.0692487,37.1322464
참바른약국,"경기도 평택시 평택로 286, 동진빌딩 102호 (세교동)",031-652-0420,,127.0733154,37.0088518
참사랑약국,"경기도 오산시 성호대로 75, (오산동)",031-377-7030,,127.069614,37.1491948
참사랑약국,"경기도 평택시 중앙로 284, (합정동)",031-658-8816,,127.1141448,36.990215
참사랑약국,"경기도 안성시 장기로 38, 1층 1B호 (인지동)",031-671-3885,,127.2675434,37.0056991
참소망약국,"경기도 오산시 오산로 12, (갈곶동)",031-378-6354,,127.0673273,37.12799
참조은약국,"경기도 평택시 안중읍 안현로서6길 50, (안중읍)",031-683-4211,,126.9238643,36.9848697
천사약국,"경기도 평택시 평택5로 30, 롯데마트 평택점 1층 (합정동)",070-4221-3902,,127.1117978,36.9884329
천일약국,"경기도 안성시 안성맞춤대로 1037, (서인동)",031-675-2165,,127.2689299,37.0060951
천지약국,"경기도 오산시 오산로 164, 110호 (원동, 양우프라자 )",031-375-5599,,127.06907,37.1414504
청북솔약국,"경기도 평택시 서정역로 47, 1층 (서정동)",,,127.0549377,37.0582003
청북약국,"경기도 평택시 청북읍 신포길 47, (청북읍)",031-683-7553,,126.9332395,37.0401936
청북온누리약국,"경기도 평택시 청북읍 안청로 332, 한남프라자 102호",031-686-8690,,126.9159078,37.0175045
충무약국,"경기도 평택시 포승읍 2함대길 20, (해군아파트 상가내)",031-681-2133,,126.8347709,36.9951586
코끼리약국,"경기도 평택시 동삭1로22번길 19-17, 메인프라자 101호 (동삭동)",031-692-1933,,127.0930221,37.0206347
크로바약국,"경기도 오산시 밀머리로1번길 18, 102호 (원동)",070-8600-8536,,127.0754733,37.1415539
큰사랑약국,"경기도 평택시 중앙2로 37, (합정동)",031-651-1880,,127.0911466,36.9915789
큰사랑약국,"경기도 오산시 외삼미로 60-45, 1, 2층 (외삼미동)",031-8003-1933,,127.0623433,37.1901764
큰사랑약국,"경기도 안성시 남파로 89, (당왕동)",031-677-5533,,127.2600259,37.0165866
큰솔약국,"경기도 평택시 용죽3로 24, 105호 (용이동)",031-651-8175,,127.1254147,36.9941062
태평양약국,"경기도 평택시 중앙로 298, (합정동)",031-651-7233,,127.1156967,36.9905077
태평양약국,"경기도 오산시 대원로 6, 1층 (원동, 역전빌딩 )",031-372-8210,,127.0689925,37.1461121
테라스약국,"경기도 오산시 동부대로 332-13, 가동 L101호 (고현동)",,,127.0790798,37.1320824
튼튼약국,"경기도 평택시 안중읍 안중로 143, 101호 (녹원빌딩)",070-8874-2968,,126.9321837,36.9892517
튼튼약국,"경기도 평택시 경기대로 1511, 1층 (지산동)",,,127.0627106,37.0793397
튼튼약국,"경기도 오산시 오산로 305, 1층, 2층 (오산동)",031-372-6634,,127.0684407,37.1541958
튼튼약국,"경기도 안성시 공도읍 진사길 11, (광동아이비상가 A동 2층)",070-4129-5081,,127.1384715,36.9929072
파란약국,"경기도 안성시 공도읍 서동대로 3874, (공도읍)",031-657-4670,,127.1376616,36.9934925
파랑새약국,"경기도 오산시 밀머리로1번길 18, 101호 (원동)",031-375-8522,,127.0754733,37.1415539
판도라봄약국,"경기도 오산시 경기대로 534, 1층 105호 (수청동)",031-376-6171,,127.0640749,37.1706269
편한약국,"경기도 평택시 동삭로 370-4, (동삭동)",031-654-2249,,127.0958836,37.0183203
평택대형약국,"경기도 평택시 안중읍 성해1길 18-20, B동",031-681-1170,,126.9040101,36.9903894
평택백화점약국,"경기도 평택시 진위면 진위서로 142, (진위면)",070-8287-3650,,127.0786469,37.1060051
평택봄약국,"경기도 평택시 서동대로 3708, (합정동)",031-653-9492,,127.1204482,36.9893294
평택예스약국,"경기도 평택시 지제동삭1로 208, (동삭동)",031-654-9616,,127.0889023,37.0171554
평택정문약국,"경기도 평택시 평택로 282, (세교동)",031-618-9111,,127.073405,37.0083577
평택제일약국,"경기도 평택시 중앙로 82-1, (합정동)",031-655-8788,,127.0922577,36.9937129
평택종합약국,"경기도 평택시 경기대로 267, (비전동)",031-657-8383,,127.1130585,36.994524
평택튼튼약국,"경기도 평택시 세교8길 30, 세교디오네프라자 125호 (세교동)",031-618-2300,,127.0907222,37.0090505
평택프라자약국,"경기도 평택시 중앙로 84, (합정동)",031-658-6116,,127.0923668,36.9936241
평화약국,"경기도 평택시 청북읍 청북산단로 48-8, 4호",031-686-6910,,126.9754321,37.0504442
포승종로약국,"경기도 평택시 포승읍 여술로 37, (포승읍)",031-611-5252,,126.8464518,36.9889126
포승중앙약국,"경기도 평택시 포승읍 여술로 22, 101호",031-686-7533,,126.8452456,36.988007
푸른약국,"경기도 평택시 점촌로19번길 59, (서정동, 고려빌딩)",031-663-5452,,127.0562996,37.0660315
푸른약국,"경기도 오산시 궐리사로 57, (궐동)",031-377-9907,,127.0587734,37.1595245
프라자약국,"경기도 안성시 안성맞춤대로 1049, 1층 (서인동)",031-672-2274,,127.2692114,37.0071567
플러스약국,"경기도 평택시 경기대로 1103, 홈플러스 B1층 (장당동)",,,127.0594138,37.0450127
하나로약국,"경기도 평택시 팽성읍 부용로55번길 3, (팽성읍)",031-655-1112,,127.0610101,36.9650143
하나약국,"경기도 평택시 포승읍 서동대로 1124, 1124",031-681-0641,,126.8798853,36.980662
하나약국,"경기도 안성시 공도읍 승두길 43-1, (공도읍)",031-652-6368,,127.1711975,36.9990261
하나약국,"경기도 오산시 밀머리로1번길 14, 101호 (원동)",031-377-6463,,127.0751029,37.141507
하나약국,"경기도 평택시 서정북로 79, 신광빌딩 (서정동)",031-611-4048,,127.0582159,37.0710099
하늘약국,"경기도 평택시 중앙로 165, (비전동, 외 1필지)",031-653-5707,,127.1013607,36.9921898
하늘온누리약국,"경기도 평택시 안중읍 안현로 417, 세정빌딩 (102호)",070-8866-7963,,126.9312741,36.9873103
하이팜약국,"경기도 오산시 운암로 92, 가상가동 107호 (부산동, 오산운암3단지주공아파트)",031-373-7522,,127.0778262,37.1544294
한강약국,"경기도 안성시 중앙로372번길 21, (서인동)",031-672-2265,,127.2679371,37.006788
한남약국,"경기도 평택시 중앙로 7-1, (통복동)",031-655-2787,,127.0841984,36.9955586
한라약국,"경기도 평택시 세교로 8, 105호 (세교동, 현대향촌아파트상가)",031-655-5581,,127.0779494,37.002274
한마음약국,"경기도 평택시 팽성읍 동서촌로 74, (팽성읍)",031-691-9185,,127.0603905,36.9644397
한빛약국,"경기도 오산시 운암로 113, 106호 (오산동)",031-372-6267,,127.0779655,37.1563753
한빛약국,"경기도 평택시 중앙2로 13, 1층 114호 (평택동, 센텀스카이빌딩)",031-657-0037,,127.0886955,36.9919135
한솔약국,"경기도 오산시 운암로 124, 씨월드프라자 101,102호 (부산동)",031-377-8676,,127.0789598,37.1570969
한솔약국,"경기도 안성시 중앙로 252, (석정동)",673-5311,,127.2567952,37.0129952
한솔약국,"경기도 평택시 안중읍 안현로서6길 74, 1층",031-681-3326,,126.9211426,36.9847858
한영약국,"경기도 평택시 평택로 104, (통복동)",031-652-7600,,127.0833561,36.9959141
한일약국,"경기도 평택시 평택2로 34, (평택동)",031-655-5982,,127.08985,36.9935181
한진약국,"경기도 평택시 중앙로 205, (비전동)",031-651-2929,,127.1057899,36.9913052
한진약국,"경기도 안성시 중앙로 380, (서인동)",031-675-5659,,127.2688834,37.0075104
함박약국,"경기도 평택시 함박산8길 31, 106호 (고덕동)",,,127.0315337,37.0385834
합정약국,"경기도 평택시 조개터로42번길 60-1, (합정동)",031-651-3241,,127.1061096,36.9901085
항만약국,"경기도 평택시 포승읍 평택항로 1-6, 1",031-686-6466,,126.853845,36.9618457
햇빛약국,"경기도 평택시 포승읍 여술로 21, 1층 (선구빌딩)",070-7778-8868,,126.8450402,36.9882867
햇살가득한약국,"경기도 평택시 자유로3번길 15, (평택동)",031-651-0898,,127.0893569,36.9928616
햇살약국,"경기도 오산시 성호대로 121, 월드타워 405호 (오산동)",031-373-9390,,127.0748375,37.1490571
햇살약국,"경기도 안성시 공도읍 공도로 132, 110호",031-618-0171,,127.1748973,37.0014237
햇살약국,"경기도 평택시 현촌4길 2-41, 103호 (용이동, 한국마트 주차빌딩)",031-657-4576,,127.1332048,36.9991257
행복약국,"경기도 오산시 대원로 10, (원동)",031-376-2789,,127.0694857,37.1462665
행복약국,"경기도 평택시 중앙로 268, (합정동)",031-618-8933,,127.1125533,36.9898767
행복한약국,"경기도 평택시 세교공원로 66, 109호 (세교동, 부영아파트상가2동)",031-618-3083,,127.0852822,37.0035948
현대약국,"경기도 안성시 중앙로 408, (동본동)",031-674-7662,,127.2719514,37.006911
현덕약국,"경기도 평택시 현덕면 현덕로 1271, 1층 101호",070-7782-7745,,126.9193891,36.9654071
현화메디컬약국,"경기도 평택시 안중읍 안현로서8길 17, (안중읍)",031-686-9111,,126.923344,36.9787443
호약국,"경기도 평택시 이충로35번길 24, 보람플러스2 104호 (이충동)",031-663-0258,,127.0665046,37.0596424
호이약국,"경기도 오산시 오산로 241-1, (오산동)",031-373-4999,,127.0683061,37.1485324
호호약국,"경기도 안성시 공도읍 송원길 23, 1층 107호",031-653-6396,,127.1725562,37.0075299
홍약국,"경기도 오산시 역광장로 55, 동일빌딩 1층 102,103호 (오산동)",031-3373-7763,,127.0674414,37.1453601
홍익사과약국,"경기도 안성시 금광면 종합운동장로 132, (홍익아파트)",031-677-3566,,127.330016,37.0110738
훈약국,"경기도 평택시 평택로 95, (통복동)",031-653-5676,,127.0834738,36.994967
휴베이스효약국,"경기도 평택시 고덕국제대로 7, 창신베스트 1층 116호 (고덕동)",,,127.0482179,37.0388846
힐링약국,"경기도 평택시 삼성로 114, 삼성전자(주) 평택캠퍼스 복지동 1층 (고덕동)",031-611-0432,,127.0531633,37.0356175
